This is pdfTeX, Version 3.141592653-2.6-1.40.29 (MiKTeX 26.5) (preloaded format=pdflatex 2026.7.30)  21 AUG 2026 17:27
entering extended mode
 restricted \write18 enabled.
 %&-line parsing enabled.
**./numerics.tex
(numerics.tex
LaTeX2e <2026-06-01>
L3 programming layer <2026-06-18>
(C:\Users\Reef\AppData\Local\Programs\MiKTeX\tex/latex/base\article.cls
Document Class: article 2025/01/22 v1.4n Standard LaTeX document class
(C:\Users\Reef\AppData\Local\Programs\MiKTeX\tex/latex/base\size10.clo
File: size10.clo 2025/01/22 v1.4n Standard LaTeX file (size option)
)
\c@part=\count276
\c@section=\count277
\c@subsection=\count278
\c@subsubsection=\count279
\c@paragraph=\count280
\c@subparagraph=\count281
\c@figure=\count282
\c@table=\count283
\abovecaptionskip=\skip49
\belowcaptionskip=\skip50
\bibindent=\dimen150
)
(mathpreamble.tex
(C:\Users\Reef\AppData\Local\Programs\MiKTeX\tex/latex/base\fontenc.sty
Package: fontenc 2025/07/18 v2.1d Standard LaTeX package
)
(C:\Users\Reef\AppData\Local\Programs\MiKTeX\tex/latex/amscls\amsthm.sty
Package: amsthm 2020/05/29 v2.20.6
\thm@style=\toks17
\thm@bodyfont=\toks18
\thm@headfont=\toks19
\thm@notefont=\toks20
\thm@headpunct=\toks21
\thm@preskip=\skip51
\thm@postskip=\skip52
\thm@headsep=\skip53
\dth@everypar=\toks22
)
(C:\Users\Reef\AppData\Local\Programs\MiKTeX\tex/latex/amsmath\amsmath.sty
Package: amsmath 2026/05/19 v2.18d AMS math features
\@mathmargin=\skip54

For additional information on amsmath, use the `?' option.
(C:\Users\Reef\AppData\Local\Programs\MiKTeX\tex/latex/amsmath\amstext.sty
Package: amstext 2024/11/17 v2.01 AMS text

(C:\Users\Reef\AppData\Local\Programs\MiKTeX\tex/latex/amsmath\amsgen.sty
File: amsgen.sty 1999/11/30 v2.0 generic functions
\@emptytoks=\toks23
\ex@=\dimen151
))
(C:\Users\Reef\AppData\Local\Programs\MiKTeX\tex/latex/amsmath\amsbsy.sty
Package: amsbsy 1999/11/29 v1.2d Bold Symbols
\pmbraise@=\dimen152
)
(C:\Users\Reef\AppData\Local\Programs\MiKTeX\tex/latex/amsmath\amsopn.sty
Package: amsopn 2022/04/08 v2.04 operator names
)
\inf@bad=\count284
LaTeX Info: Redefining \frac on input line 233.
\uproot@=\count285
\leftroot@=\count286
LaTeX Info: Redefining \overline on input line 398.
LaTeX Info: Redefining \colon on input line 409.
\classnum@=\count287
\DOTSCASE@=\count288
LaTeX Info: Redefining \ldots on input line 495.
LaTeX Info: Redefining \dots on input line 498.
LaTeX Info: Redefining \cdots on input line 619.
\Mathstrutbox@=\box53
\strutbox@=\box54
LaTeX Info: Redefining \big on input line 721.
LaTeX Info: Redefining \Big on input line 722.
LaTeX Info: Redefining \bigg on input line 723.
LaTeX Info: Redefining \Bigg on input line 724.
\big@size=\dimen153
LaTeX Font Info:    Redeclaring font encoding OML on input line 742.
LaTeX Font Info:    Redeclaring font encoding OMS on input line 743.
\macc@depth=\count289
LaTeX Info: Redefining \bmod on input line 904.
LaTeX Info: Redefining \pmod on input line 909.
LaTeX Info: Redefining \smash on input line 939.
LaTeX Info: Redefining \relbar on input line 969.
LaTeX Info: Redefining \Relbar on input line 970.
\c@MaxMatrixCols=\count290
\dotsspace@=\muskip17
\c@parentequation=\count291
\dspbrk@lvl=\count292
\tag@help=\toks24
\row@=\count293
\column@=\count294
\maxfields@=\count295
\andhelp@=\toks25
\eqnshift@=\dimen154
\alignsep@=\dimen155
\tagshift@=\dimen156
\tagwidth@=\dimen157
\totwidth@=\dimen158
\lineht@=\dimen159
\@envbody=\toks26
\multlinegap=\skip55
\multlinetaggap=\skip56
\mathdisplay@stack=\toks27
LaTeX Info: Redefining \[ on input line 2965.
LaTeX Info: Redefining \] on input line 2966.
)
(C:\Users\Reef\AppData\Local\Programs\MiKTeX\tex/latex/amsfonts\amssymb.sty
Package: amssymb 2013/01/14 v3.01 AMS font symbols

(C:\Users\Reef\AppData\Local\Programs\MiKTeX\tex/latex/amsfonts\amsfonts.sty
Package: amsfonts 2013/01/14 v3.01 Basic AMSFonts support
\symAMSa=\mathgroup4
\symAMSb=\mathgroup5
LaTeX Font Info:    Redeclaring math symbol \hbar on input line 98.
LaTeX Font Info:    Overwriting math alphabet `\mathfrak' in version `bold'
(Font)                  U/euf/m/n --> U/euf/b/n on input line 106.
))
(C:\Users\Reef\AppData\Local\Programs\MiKTeX\tex/latex/mathtools\mathtools.sty
Package: mathtools 2024/10/04 v1.31 mathematical typesetting tools

(C:\Users\Reef\AppData\Local\Programs\MiKTeX\tex/latex/graphics\keyval.sty
Package: keyval 2026-05-17 v1.15 key=value parser (DPC)
\KV@toks@=\toks28
)
(C:\Users\Reef\AppData\Local\Programs\MiKTeX\tex/latex/tools\calc.sty
Package: calc 2025/03/01 v4.3b Infix arithmetic (KKT,FJ)
\calc@Acount=\count296
\calc@Bcount=\count297
\calc@Adimen=\dimen160
\calc@Bdimen=\dimen161
\calc@Askip=\skip57
\calc@Bskip=\skip58
LaTeX Info: Redefining \setlength on input line 86.
LaTeX Info: Redefining \addtolength on input line 87.
\calc@Ccount=\count298
\calc@Cskip=\skip59
)
(C:\Users\Reef\AppData\Local\Programs\MiKTeX\tex/latex/mathtools\mhsetup.sty
Package: mhsetup 2021/03/18 v1.4 programming setup (MH)
)
\g_MT_multlinerow_int=\count299
\l_MT_multwidth_dim=\dimen162
\origjot=\skip60
\l_MT_shortvdotswithinadjustabove_dim=\dimen163
\l_MT_shortvdotswithinadjustbelow_dim=\dimen164
\l_MT_above_intertext_sep=\dimen165
\l_MT_below_intertext_sep=\dimen166
\l_MT_above_shortintertext_sep=\dimen167
\l_MT_below_shortintertext_sep=\dimen168
\xmathstrut@box=\box55
\xmathstrut@dim=\dimen169
)
(C:\Users\Reef\AppData\Local\Programs\MiKTeX\tex/latex/mathalpha\mathalpha.sty
Package: mathalpha 2025/01/17 - 1.145mathalpha (License LPPL) Michael Sharpe

`mathalpha' v1.145, 2025/01/17, a renaming of mathalfa (msharpe)
(C:\Users\Reef\AppData\Local\Programs\MiKTeX\tex/latex/xkeyval\xkeyval.sty
Package: xkeyval 2022/06/16 v2.9 package option processing (HA)

(C:\Users\Reef\AppData\Local\Programs\MiKTeX\tex/generic/xkeyval\xkeyval.tex
(C:\Users\Reef\AppData\Local\Programs\MiKTeX\tex/generic/xkeyval\xkvutils.tex
\XKV@toks=\toks29
\XKV@tempa@toks=\toks30
)
\XKV@depth=\count300
File: xkeyval.tex 2014/12/03 v2.7a key=value parser (HA)
))
LaTeX Font Info:    Redeclaring math alphabet \mathcal on input line 464.
LaTeX Font Info:    Overwriting math alphabet `\mathcal' in version `bold'
(Font)                  U/cmsy/m/n --> U/cmsy/b/n on input line 466.
LaTeX Font Info:    Overwriting math alphabet `\mathfrak' in version `bold'
(Font)                  U/euf/b/n --> U/euf/b/n on input line 741.
LaTeX Font Info:    Overwriting math alphabet `\mathfrak' in version `bold'
(Font)                  U/euf/m/n --> U/euf/b/n on input line 741.
) (C:\Users\Reef\AppData\Local\Programs\MiKTeX\tex/latex/lm\lmodern.sty
Package: lmodern 2015/05/01 v1.6.1 Latin Modern Fonts
LaTeX Font Info:    Overwriting symbol font `operators' in version `normal'
(Font)                  OT1/cmr/m/n --> OT1/lmr/m/n on input line 22.
LaTeX Font Info:    Overwriting symbol font `letters' in version `normal'
(Font)                  OML/cmm/m/it --> OML/lmm/m/it on input line 23.
LaTeX Font Info:    Overwriting symbol font `symbols' in version `normal'
(Font)                  OMS/cmsy/m/n --> OMS/lmsy/m/n on input line 24.
LaTeX Font Info:    Overwriting symbol font `largesymbols' in version `normal'
(Font)                  OMX/cmex/m/n --> OMX/lmex/m/n on input line 25.
LaTeX Font Info:    Overwriting symbol font `operators' in version `bold'
(Font)                  OT1/cmr/bx/n --> OT1/lmr/bx/n on input line 26.
LaTeX Font Info:    Overwriting symbol font `letters' in version `bold'
(Font)                  OML/cmm/b/it --> OML/lmm/b/it on input line 27.
LaTeX Font Info:    Overwriting symbol font `symbols' in version `bold'
(Font)                  OMS/cmsy/b/n --> OMS/lmsy/b/n on input line 28.
LaTeX Font Info:    Overwriting symbol font `largesymbols' in version `bold'
(Font)                  OMX/cmex/m/n --> OMX/lmex/m/n on input line 29.
LaTeX Font Info:    Overwriting math alphabet `\mathbf' in version `normal'
(Font)                  OT1/cmr/bx/n --> OT1/lmr/bx/n on input line 31.
LaTeX Font Info:    Overwriting math alphabet `\mathsf' in version `normal'
(Font)                  OT1/cmss/m/n --> OT1/lmss/m/n on input line 32.
LaTeX Font Info:    Overwriting math alphabet `\mathit' in version `normal'
(Font)                  OT1/cmr/m/it --> OT1/lmr/m/it on input line 33.
LaTeX Font Info:    Overwriting math alphabet `\mathtt' in version `normal'
(Font)                  OT1/cmtt/m/n --> OT1/lmtt/m/n on input line 34.
LaTeX Font Info:    Overwriting math alphabet `\mathbf' in version `bold'
(Font)                  OT1/cmr/bx/n --> OT1/lmr/bx/n on input line 35.
LaTeX Font Info:    Overwriting math alphabet `\mathsf' in version `bold'
(Font)                  OT1/cmss/bx/n --> OT1/lmss/bx/n on input line 36.
LaTeX Font Info:    Overwriting math alphabet `\mathit' in version `bold'
(Font)                  OT1/cmr/bx/it --> OT1/lmr/bx/it on input line 37.
LaTeX Font Info:    Overwriting math alphabet `\mathtt' in version `bold'
(Font)                  OT1/cmtt/m/n --> OT1/lmtt/m/n on input line 38.
)
(C:\Users\Reef\AppData\Local\Programs\MiKTeX\tex/latex/cancel\cancel.sty
Package: cancel 2013/04/12 v2.2 Cancel math terms
)
(C:\Users\Reef\AppData\Local\Programs\MiKTeX\tex/latex/wasysym\wasysym.sty
Package: wasysym 2020/01/19 v2.4 Wasy-2 symbol support package
\symwasy=\mathgroup6
LaTeX Font Info:    Overwriting symbol font `wasy' in version `bold'
(Font)                  U/wasy/m/n --> U/wasy/b/n on input line 93.
)
(C:\Users\Reef\AppData\Local\Programs\MiKTeX\tex/latex/physics\physics.sty
Package: physics 

(C:\Users\Reef\AppData\Local\Programs\MiKTeX\tex/latex/l3packages/xparse\xparse
.sty (C:\Users\Reef\AppData\Local\Programs\MiKTeX\tex/latex/l3kernel\expl3.sty
Package: expl3 2026-06-18 L3 programming layer (loader) 

(C:\Users\Reef\AppData\Local\Programs\MiKTeX\tex/latex/l3backend\l3backend-pdft
ex.def
File: l3backend-pdftex.def 2026-02-18 L3 backend support: PDF output (pdfTeX)
\l__color_backend_stack_int=\count301
))
Package: xparse 2025-10-09 L3 Experimental document command parser
))
(C:\Users\Reef\AppData\Local\Programs\MiKTeX\tex/latex/quiver\quiver.sty
Package: quiver 2025/09/20 quiver

(C:\Users\Reef\AppData\Local\Programs\MiKTeX\tex/latex/tikz-cd\tikz-cd.sty
Package: tikz-cd 2021/05/04 v1.0 Commutative diagrams with TikZ

(C:\Users\Reef\AppData\Local\Programs\MiKTeX\tex/latex/pgf/frontendlayer\tikz.s
ty
(C:\Users\Reef\AppData\Local\Programs\MiKTeX\tex/latex/pgf/basiclayer\pgf.sty
(C:\Users\Reef\AppData\Local\Programs\MiKTeX\tex/latex/pgf/utilities\pgfrcs.sty

(C:\Users\Reef\AppData\Local\Programs\MiKTeX\tex/generic/pgf/utilities\pgfutil-
common.tex
\pgfutil@everybye=\toks31
\pgfutil@tempdima=\dimen170
\pgfutil@tempdimb=\dimen171
)
(C:\Users\Reef\AppData\Local\Programs\MiKTeX\tex/generic/pgf/utilities\pgfutil-
latex.def
\pgfutil@abb=\box56
)
(C:\Users\Reef\AppData\Local\Programs\MiKTeX\tex/generic/pgf/utilities\pgfrcs.c
ode.tex
(C:\Users\Reef\AppData\Local\Programs\MiKTeX\tex/generic/pgf\pgf.revision.tex)
Package: pgfrcs 2025-08-29 v3.1.11a (3.1.11a)
))
Package: pgf 2025-08-29 v3.1.11a (3.1.11a)

(C:\Users\Reef\AppData\Local\Programs\MiKTeX\tex/latex/pgf/basiclayer\pgfcore.s
ty (C:\Users\Reef\AppData\Local\Programs\MiKTeX\tex/latex/graphics\graphicx.sty
Package: graphicx 2026-05-17 v1.2e Enhanced LaTeX Graphics (DPC,SPQR)
(C:\Users\Reef\AppData\Local\Programs\MiKTeX\tex/latex/graphics\graphics.sty
Package: graphics 2026-05-17 v1.4h Standard LaTeX Graphics (DPC,SPQR)

(C:\Users\Reef\AppData\Local\Programs\MiKTeX\tex/latex/graphics\trig.sty
Package: trig 2023/12/02 v1.11 sin cos tan (DPC)
)
(C:\Users\Reef\AppData\Local\Programs\MiKTeX\tex/latex/graphics-cfg\graphics.cf
g
File: graphics.cfg 2016/06/04 v1.11 sample graphics configuration
)
Package graphics Info: Driver file: pdftex.def on input line 106.

(C:\Users\Reef\AppData\Local\Programs\MiKTeX\tex/latex/graphics-def\pdftex.def
File: pdftex.def 2025/09/29 v1.2d Graphics/color driver for pdftex
))
\Gin@req@height=\dimen172
\Gin@req@width=\dimen173
)
(C:\Users\Reef\AppData\Local\Programs\MiKTeX\tex/latex/pgf/systemlayer\pgfsys.s
ty
(C:\Users\Reef\AppData\Local\Programs\MiKTeX\tex/generic/pgf/systemlayer\pgfsys
.code.tex
Package: pgfsys 2025-08-29 v3.1.11a (3.1.11a)

(C:\Users\Reef\AppData\Local\Programs\MiKTeX\tex/generic/pgf/utilities\pgfkeys.
code.tex
\pgfkeys@pathtoks=\toks32
\pgfkeys@temptoks=\toks33

(C:\Users\Reef\AppData\Local\Programs\MiKTeX\tex/generic/pgf/utilities\pgfkeysl
ibraryfiltered.code.tex
\pgfkeys@tmptoks=\toks34
))
\pgf@x=\dimen174
\pgf@y=\dimen175
\pgf@xa=\dimen176
\pgf@ya=\dimen177
\pgf@xb=\dimen178
\pgf@yb=\dimen179
\pgf@xc=\dimen180
\pgf@yc=\dimen181
\pgf@xd=\dimen182
\pgf@yd=\dimen183
\w@pgf@writea=\write3
\r@pgf@reada=\read2
\c@pgf@counta=\count302
\c@pgf@countb=\count303
\c@pgf@countc=\count304
\c@pgf@countd=\count305
\t@pgf@toka=\toks35
\t@pgf@tokb=\toks36
\t@pgf@tokc=\toks37
\pgf@sys@id@count=\count306

(C:\Users\Reef\AppData\Local\Programs\MiKTeX\tex/generic/pgf/systemlayer\pgf.cf
g
File: pgf.cfg 2025-08-29 v3.1.11a (3.1.11a)
)
Driver file for pgf: pgfsys-pdftex.def

(C:\Users\Reef\AppData\Local\Programs\MiKTeX\tex/generic/pgf/systemlayer\pgfsys
-pdftex.def
File: pgfsys-pdftex.def 2025-08-29 v3.1.11a (3.1.11a)

(C:\Users\Reef\AppData\Local\Programs\MiKTeX\tex/generic/pgf/systemlayer\pgfsys
-common-pdf.def
File: pgfsys-common-pdf.def 2025-08-29 v3.1.11a (3.1.11a)
)))
(C:\Users\Reef\AppData\Local\Programs\MiKTeX\tex/generic/pgf/systemlayer\pgfsys
softpath.code.tex
File: pgfsyssoftpath.code.tex 2025-08-29 v3.1.11a (3.1.11a)
\pgfsyssoftpath@smallbuffer@items=\count307
\pgfsyssoftpath@bigbuffer@items=\count308
)
(C:\Users\Reef\AppData\Local\Programs\MiKTeX\tex/generic/pgf/systemlayer\pgfsys
protocol.code.tex
File: pgfsysprotocol.code.tex 2025-08-29 v3.1.11a (3.1.11a)
))
(C:\Users\Reef\AppData\Local\Programs\MiKTeX\tex/latex/xcolor\xcolor.sty
Package: xcolor 2024/09/29 v3.02 LaTeX color extensions (UK)

(C:\Users\Reef\AppData\Local\Programs\MiKTeX\tex/latex/graphics-cfg\color.cfg
File: color.cfg 2016/01/02 v1.6 sample color configuration
)
Package xcolor Info: Driver file: pdftex.def on input line 274.

(C:\Users\Reef\AppData\Local\Programs\MiKTeX\tex/latex/graphics\mathcolor.ltx)
Package xcolor Info: Model `cmy' substituted by `cmy0' on input line 1349.
Package xcolor Info: Model `hsb' substituted by `rgb' on input line 1353.
Package xcolor Info: Model `RGB' extended on input line 1365.
Package xcolor Info: Model `HTML' substituted by `rgb' on input line 1367.
Package xcolor Info: Model `Hsb' substituted by `hsb' on input line 1368.
Package xcolor Info: Model `tHsb' substituted by `hsb' on input line 1369.
Package xcolor Info: Model `HSB' substituted by `hsb' on input line 1370.
Package xcolor Info: Model `Gray' substituted by `gray' on input line 1371.
Package xcolor Info: Model `wave' substituted by `hsb' on input line 1372.
)
(C:\Users\Reef\AppData\Local\Programs\MiKTeX\tex/generic/pgf/basiclayer\pgfcore
.code.tex
Package: pgfcore 2025-08-29 v3.1.11a (3.1.11a)

(C:\Users\Reef\AppData\Local\Programs\MiKTeX\tex/generic/pgf/math\pgfmath.code.
tex
(C:\Users\Reef\AppData\Local\Programs\MiKTeX\tex/generic/pgf/math\pgfmathutil.c
ode.tex)
(C:\Users\Reef\AppData\Local\Programs\MiKTeX\tex/generic/pgf/math\pgfmathparser
.code.tex
\pgfmath@dimen=\dimen184
\pgfmath@count=\count309
\pgfmath@box=\box57
\pgfmath@toks=\toks38
\pgfmath@stack@operand=\toks39
\pgfmath@stack@operation=\toks40
)
(C:\Users\Reef\AppData\Local\Programs\MiKTeX\tex/generic/pgf/math\pgfmathfuncti
ons.code.tex)
(C:\Users\Reef\AppData\Local\Programs\MiKTeX\tex/generic/pgf/math\pgfmathfuncti
ons.basic.code.tex)
(C:\Users\Reef\AppData\Local\Programs\MiKTeX\tex/generic/pgf/math\pgfmathfuncti
ons.trigonometric.code.tex)
(C:\Users\Reef\AppData\Local\Programs\MiKTeX\tex/generic/pgf/math\pgfmathfuncti
ons.random.code.tex)
(C:\Users\Reef\AppData\Local\Programs\MiKTeX\tex/generic/pgf/math\pgfmathfuncti
ons.comparison.code.tex)
(C:\Users\Reef\AppData\Local\Programs\MiKTeX\tex/generic/pgf/math\pgfmathfuncti
ons.base.code.tex)
(C:\Users\Reef\AppData\Local\Programs\MiKTeX\tex/generic/pgf/math\pgfmathfuncti
ons.round.code.tex)
(C:\Users\Reef\AppData\Local\Programs\MiKTeX\tex/generic/pgf/math\pgfmathfuncti
ons.misc.code.tex)
(C:\Users\Reef\AppData\Local\Programs\MiKTeX\tex/generic/pgf/math\pgfmathfuncti
ons.integerarithmetics.code.tex)
(C:\Users\Reef\AppData\Local\Programs\MiKTeX\tex/generic/pgf/math\pgfmathcalc.c
ode.tex)
(C:\Users\Reef\AppData\Local\Programs\MiKTeX\tex/generic/pgf/math\pgfmathfloat.
code.tex
\c@pgfmathroundto@lastzeros=\count310
))
(C:\Users\Reef\AppData\Local\Programs\MiKTeX\tex/generic/pgf/math\pgfint.code.t
ex)
(C:\Users\Reef\AppData\Local\Programs\MiKTeX\tex/generic/pgf/basiclayer\pgfcore
points.code.tex
File: pgfcorepoints.code.tex 2025-08-29 v3.1.11a (3.1.11a)
\pgf@picminx=\dimen185
\pgf@picmaxx=\dimen186
\pgf@picminy=\dimen187
\pgf@picmaxy=\dimen188
\pgf@pathminx=\dimen189
\pgf@pathmaxx=\dimen190
\pgf@pathminy=\dimen191
\pgf@pathmaxy=\dimen192
\pgf@xx=\dimen193
\pgf@xy=\dimen194
\pgf@yx=\dimen195
\pgf@yy=\dimen196
\pgf@zx=\dimen197
\pgf@zy=\dimen198
)
(C:\Users\Reef\AppData\Local\Programs\MiKTeX\tex/generic/pgf/basiclayer\pgfcore
pathconstruct.code.tex
File: pgfcorepathconstruct.code.tex 2025-08-29 v3.1.11a (3.1.11a)
\pgf@path@lastx=\dimen199
\pgf@path@lasty=\dimen256
)
(C:\Users\Reef\AppData\Local\Programs\MiKTeX\tex/generic/pgf/basiclayer\pgfcore
pathusage.code.tex
File: pgfcorepathusage.code.tex 2025-08-29 v3.1.11a (3.1.11a)
\pgf@shorten@end@additional=\dimen257
\pgf@shorten@start@additional=\dimen258
)
(C:\Users\Reef\AppData\Local\Programs\MiKTeX\tex/generic/pgf/basiclayer\pgfcore
scopes.code.tex
File: pgfcorescopes.code.tex 2025-08-29 v3.1.11a (3.1.11a)
\pgfpic=\box58
\pgf@hbox=\box59
\pgf@layerbox@main=\box60
\pgf@picture@serial@count=\count311
)
(C:\Users\Reef\AppData\Local\Programs\MiKTeX\tex/generic/pgf/basiclayer\pgfcore
graphicstate.code.tex
File: pgfcoregraphicstate.code.tex 2025-08-29 v3.1.11a (3.1.11a)
\pgflinewidth=\dimen259
)
(C:\Users\Reef\AppData\Local\Programs\MiKTeX\tex/generic/pgf/basiclayer\pgfcore
transformations.code.tex
File: pgfcoretransformations.code.tex 2025-08-29 v3.1.11a (3.1.11a)
\pgf@pt@x=\dimen260
\pgf@pt@y=\dimen261
\pgf@pt@temp=\dimen262
)
(C:\Users\Reef\AppData\Local\Programs\MiKTeX\tex/generic/pgf/basiclayer\pgfcore
quick.code.tex
File: pgfcorequick.code.tex 2025-08-29 v3.1.11a (3.1.11a)
)
(C:\Users\Reef\AppData\Local\Programs\MiKTeX\tex/generic/pgf/basiclayer\pgfcore
objects.code.tex
File: pgfcoreobjects.code.tex 2025-08-29 v3.1.11a (3.1.11a)
)
(C:\Users\Reef\AppData\Local\Programs\MiKTeX\tex/generic/pgf/basiclayer\pgfcore
pathprocessing.code.tex
File: pgfcorepathprocessing.code.tex 2025-08-29 v3.1.11a (3.1.11a)
)
(C:\Users\Reef\AppData\Local\Programs\MiKTeX\tex/generic/pgf/basiclayer\pgfcore
arrows.code.tex
File: pgfcorearrows.code.tex 2025-08-29 v3.1.11a (3.1.11a)
\pgfarrowsep=\dimen263
)
(C:\Users\Reef\AppData\Local\Programs\MiKTeX\tex/generic/pgf/basiclayer\pgfcore
shade.code.tex
File: pgfcoreshade.code.tex 2025-08-29 v3.1.11a (3.1.11a)
\pgf@max=\dimen264
\pgf@sys@shading@range@num=\count312
\pgf@shadingcount=\count313
)
(C:\Users\Reef\AppData\Local\Programs\MiKTeX\tex/generic/pgf/basiclayer\pgfcore
image.code.tex
File: pgfcoreimage.code.tex 2025-08-29 v3.1.11a (3.1.11a)
)
(C:\Users\Reef\AppData\Local\Programs\MiKTeX\tex/generic/pgf/basiclayer\pgfcore
external.code.tex
File: pgfcoreexternal.code.tex 2025-08-29 v3.1.11a (3.1.11a)
\pgfexternal@startupbox=\box61
)
(C:\Users\Reef\AppData\Local\Programs\MiKTeX\tex/generic/pgf/basiclayer\pgfcore
layers.code.tex
File: pgfcorelayers.code.tex 2025-08-29 v3.1.11a (3.1.11a)
)
(C:\Users\Reef\AppData\Local\Programs\MiKTeX\tex/generic/pgf/basiclayer\pgfcore
transparency.code.tex
File: pgfcoretransparency.code.tex 2025-08-29 v3.1.11a (3.1.11a)
)
(C:\Users\Reef\AppData\Local\Programs\MiKTeX\tex/generic/pgf/basiclayer\pgfcore
patterns.code.tex
File: pgfcorepatterns.code.tex 2025-08-29 v3.1.11a (3.1.11a)
)
(C:\Users\Reef\AppData\Local\Programs\MiKTeX\tex/generic/pgf/basiclayer\pgfcore
rdf.code.tex
File: pgfcorerdf.code.tex 2025-08-29 v3.1.11a (3.1.11a)
)))
(C:\Users\Reef\AppData\Local\Programs\MiKTeX\tex/generic/pgf/modules\pgfmodules
hapes.code.tex
File: pgfmoduleshapes.code.tex 2025-08-29 v3.1.11a (3.1.11a)
\pgfnodeparttextbox=\box62
)
(C:\Users\Reef\AppData\Local\Programs\MiKTeX\tex/generic/pgf/modules\pgfmodulep
lot.code.tex
File: pgfmoduleplot.code.tex 2025-08-29 v3.1.11a (3.1.11a)
)
(C:\Users\Reef\AppData\Local\Programs\MiKTeX\tex/latex/pgf/compatibility\pgfcom
p-version-0-65.sty
Package: pgfcomp-version-0-65 2025-08-29 v3.1.11a (3.1.11a)
\pgf@nodesepstart=\dimen265
\pgf@nodesepend=\dimen266
)
(C:\Users\Reef\AppData\Local\Programs\MiKTeX\tex/latex/pgf/compatibility\pgfcom
p-version-1-18.sty
Package: pgfcomp-version-1-18 2025-08-29 v3.1.11a (3.1.11a)
))
(C:\Users\Reef\AppData\Local\Programs\MiKTeX\tex/latex/pgf/utilities\pgffor.sty

(C:\Users\Reef\AppData\Local\Programs\MiKTeX\tex/latex/pgf/utilities\pgfkeys.st
y
(C:\Users\Reef\AppData\Local\Programs\MiKTeX\tex/generic/pgf/utilities\pgfkeys.
code.tex))
(C:\Users\Reef\AppData\Local\Programs\MiKTeX\tex/latex/pgf/math\pgfmath.sty
(C:\Users\Reef\AppData\Local\Programs\MiKTeX\tex/generic/pgf/math\pgfmath.code.
tex))
(C:\Users\Reef\AppData\Local\Programs\MiKTeX\tex/generic/pgf/utilities\pgffor.c
ode.tex
Package: pgffor 2025-08-29 v3.1.11a (3.1.11a)
\pgffor@iter=\dimen267
\pgffor@skip=\dimen268
\pgffor@stack=\toks41
\pgffor@toks=\toks42
))
(C:\Users\Reef\AppData\Local\Programs\MiKTeX\tex/generic/pgf/frontendlayer/tikz
\tikz.code.tex
Package: tikz 2025-08-29 v3.1.11a (3.1.11a)

(C:\Users\Reef\AppData\Local\Programs\MiKTeX\tex/generic/pgf/libraries\pgflibra
ryplothandlers.code.tex
File: pgflibraryplothandlers.code.tex 2025-08-29 v3.1.11a (3.1.11a)
\pgf@plot@mark@count=\count314
\pgfplotmarksize=\dimen269
)
\tikz@lastx=\dimen270
\tikz@lasty=\dimen271
\tikz@lastxsaved=\dimen272
\tikz@lastysaved=\dimen273
\tikz@lastmovetox=\dimen274
\tikz@lastmovetoy=\dimen275
\tikzleveldistance=\dimen276
\tikzsiblingdistance=\dimen277
\tikz@figbox=\box63
\tikz@figbox@bg=\box64
\tikz@tempbox=\box65
\tikz@tempbox@bg=\box66
\tikztreelevel=\count315
\tikznumberofchildren=\count316
\tikznumberofcurrentchild=\count317
\tikz@fig@count=\count318

(C:\Users\Reef\AppData\Local\Programs\MiKTeX\tex/generic/pgf/modules\pgfmodulem
atrix.code.tex
File: pgfmodulematrix.code.tex 2025-08-29 v3.1.11a (3.1.11a)
\pgfmatrixcurrentrow=\count319
\pgfmatrixcurrentcolumn=\count320
\pgf@matrix@numberofcolumns=\count321
)
\tikz@expandcount=\count322

(C:\Users\Reef\AppData\Local\Programs\MiKTeX\tex/generic/pgf/frontendlayer/tikz
/libraries\tikzlibrarytopaths.code.tex
File: tikzlibrarytopaths.code.tex 2025-08-29 v3.1.11a (3.1.11a)
)))
(C:\Users\Reef\AppData\Local\Programs\MiKTeX\tex/latex/tikz-cd\tikzlibrarycd.co
de.tex
(C:\Users\Reef\AppData\Local\Programs\MiKTeX\tex/generic/pgf/frontendlayer/tikz
/libraries\tikzlibrarymatrix.code.tex
File: tikzlibrarymatrix.code.tex 2025-08-29 v3.1.11a (3.1.11a)
)
(C:\Users\Reef\AppData\Local\Programs\MiKTeX\tex/generic/pgf/frontendlayer/tikz
/libraries\tikzlibraryquotes.code.tex
File: tikzlibraryquotes.code.tex 2025-08-29 v3.1.11a (3.1.11a)
)
(C:\Users\Reef\AppData\Local\Programs\MiKTeX\tex/generic/pgf/libraries\pgflibra
ryarrows.meta.code.tex
File: pgflibraryarrows.meta.code.tex 2025-08-29 v3.1.11a (3.1.11a)
\pgfarrowinset=\dimen278
\pgfarrowlength=\dimen279
\pgfarrowwidth=\dimen280
\pgfarrowlinewidth=\dimen281
)))
(C:\Users\Reef\AppData\Local\Programs\MiKTeX\tex/generic/pgf/frontendlayer/tikz
/libraries\tikzlibrarycalc.code.tex
File: tikzlibrarycalc.code.tex 2025-08-29 v3.1.11a (3.1.11a)
)
(C:\Users\Reef\AppData\Local\Programs\MiKTeX\tex/generic/pgf/frontendlayer/tikz
/libraries\tikzlibrarydecorations.pathmorphing.code.tex
(C:\Users\Reef\AppData\Local\Programs\MiKTeX\tex/generic/pgf/frontendlayer/tikz
/libraries\tikzlibrarydecorations.code.tex
(C:\Users\Reef\AppData\Local\Programs\MiKTeX\tex/generic/pgf/modules\pgfmoduled
ecorations.code.tex
\pgfdecoratedcompleteddistance=\dimen282
\pgfdecoratedremainingdistance=\dimen283
\pgfdecoratedinputsegmentcompleteddistance=\dimen284
\pgfdecoratedinputsegmentremainingdistance=\dimen285
\pgf@decorate@distancetomove=\dimen286
\pgf@decorate@repeatstate=\count323
\pgfdecorationsegmentamplitude=\dimen287
\pgfdecorationsegmentlength=\dimen288
)
\tikz@lib@dec@box=\box67
)
(C:\Users\Reef\AppData\Local\Programs\MiKTeX\tex/generic/pgf/libraries/decorati
ons\pgflibrarydecorations.pathmorphing.code.tex))
(C:\Users\Reef\AppData\Local\Programs\MiKTeX\tex/latex/spath3\tikzlibraryspath3
.code.tex
(C:\Users\Reef\AppData\Local\Programs\MiKTeX\tex/latex/spath3\spath3.sty
Package: spath3 2026/05/31 v2.9 Functions for manipulating PGF soft paths
\g__spath_output_int=\count324
\l__spath_tmpa_dim=\dimen289
\l__spath_tmpb_dim=\dimen290
\l__spath_tmpa_int=\count325
\l__spath_tmpb_int=\count326
\l__spath_move_x_dim=\dimen291
\l__spath_move_y_dim=\dimen292
\l__spath_rectx_dim=\dimen293
\l__spath_recty_dim=\dimen294
\g__spath_anon_int=\count327
)
\l__tikzspath_tmpa_int=\count328
))
(C:\Users\Reef\AppData\Local\Programs\MiKTeX\tex/latex/hwemoji\hwemoji.sty
Package: hwemoji 2022/11/10 v1.0 Unicode emoji with sequence support

(C:\Users\Reef\AppData\Local\Programs\MiKTeX\tex/latex/scalerel\scalerel.sty
Package: scalerel 2016/12/29 v1.8 Routines for constrained scaling and stretchi
ng of objects, relative to a reference object or in absolute terms

(C:\Users\Reef\AppData\Local\Programs\MiKTeX\tex/latex/etoolbox\etoolbox.sty
Package: etoolbox 2025/10/02 v2.5m e-TeX tools for LaTeX (JAW)
\etb@tempcnta=\count329
)
\thesrwidth=\skip61
\thesrheight=\skip62
\srblobheight=\skip63
\srblobdepth=\skip64
\mnxsrwidth=\skip65
\LMex=\skip66
\LMpt=\skip67
)
(C:\Users\Reef\AppData\Local\Programs\MiKTeX\tex/latex/ifnextok\ifnextok.sty
Package: ifnextok 2011/06/27 v0.3 test next token (UL)
)
   defining Unicode char U+1F004 (decimal 126980)
   defining Unicode char U+1F0CF (decimal 127183)
   defining Unicode char U+1F170 (decimal 127344)
   defining Unicode char U+1F171 (decimal 127345)
   defining Unicode char U+1F17E (decimal 127358)
   defining Unicode char U+1F17F (decimal 127359)
   defining Unicode char U+1F18E (decimal 127374)
   defining Unicode char U+1F191 (decimal 127377)
   defining Unicode char U+1F192 (decimal 127378)
   defining Unicode char U+1F193 (decimal 127379)
   defining Unicode char U+1F194 (decimal 127380)
   defining Unicode char U+1F195 (decimal 127381)
   defining Unicode char U+1F196 (decimal 127382)
   defining Unicode char U+1F197 (decimal 127383)
   defining Unicode char U+1F198 (decimal 127384)
   defining Unicode char U+1F199 (decimal 127385)
   defining Unicode char U+1F19A (decimal 127386)
   defining Unicode char U+1F1E6 (decimal 127462)
   defining Unicode char U+1F1E7 (decimal 127463)
   defining Unicode char U+1F1E8 (decimal 127464)
   defining Unicode char U+1F1E9 (decimal 127465)
   defining Unicode char U+1F1EA (decimal 127466)
   defining Unicode char U+1F1EB (decimal 127467)
   defining Unicode char U+1F1EC (decimal 127468)
   defining Unicode char U+1F1ED (decimal 127469)
   defining Unicode char U+1F1EE (decimal 127470)
   defining Unicode char U+1F1EF (decimal 127471)
   defining Unicode char U+1F1F0 (decimal 127472)
   defining Unicode char U+1F1F1 (decimal 127473)
   defining Unicode char U+1F1F2 (decimal 127474)
   defining Unicode char U+1F1F3 (decimal 127475)
   defining Unicode char U+1F1F4 (decimal 127476)
   defining Unicode char U+1F1F5 (decimal 127477)
   defining Unicode char U+1F1F6 (decimal 127478)
   defining Unicode char U+1F1F7 (decimal 127479)
   defining Unicode char U+1F1F8 (decimal 127480)
   defining Unicode char U+1F1F9 (decimal 127481)
   defining Unicode char U+1F1FA (decimal 127482)
   defining Unicode char U+1F1FB (decimal 127483)
   defining Unicode char U+1F1FC (decimal 127484)
   defining Unicode char U+1F1FD (decimal 127485)
   defining Unicode char U+1F1FE (decimal 127486)
   defining Unicode char U+1F1FF (decimal 127487)
   defining Unicode char U+1F201 (decimal 127489)
   defining Unicode char U+1F202 (decimal 127490)
   defining Unicode char U+1F21A (decimal 127514)
   defining Unicode char U+1F22F (decimal 127535)
   defining Unicode char U+1F232 (decimal 127538)
   defining Unicode char U+1F233 (decimal 127539)
   defining Unicode char U+1F234 (decimal 127540)
   defining Unicode char U+1F235 (decimal 127541)
   defining Unicode char U+1F236 (decimal 127542)
   defining Unicode char U+1F237 (decimal 127543)
   defining Unicode char U+1F238 (decimal 127544)
   defining Unicode char U+1F239 (decimal 127545)
   defining Unicode char U+1F23A (decimal 127546)
   defining Unicode char U+1F250 (decimal 127568)
   defining Unicode char U+1F251 (decimal 127569)
   defining Unicode char U+1F300 (decimal 127744)
   defining Unicode char U+1F301 (decimal 127745)
   defining Unicode char U+1F302 (decimal 127746)
   defining Unicode char U+1F303 (decimal 127747)
   defining Unicode char U+1F304 (decimal 127748)
   defining Unicode char U+1F305 (decimal 127749)
   defining Unicode char U+1F306 (decimal 127750)
   defining Unicode char U+1F307 (decimal 127751)
   defining Unicode char U+1F308 (decimal 127752)
   defining Unicode char U+1F309 (decimal 127753)
   defining Unicode char U+1F30A (decimal 127754)
   defining Unicode char U+1F30B (decimal 127755)
   defining Unicode char U+1F30C (decimal 127756)
   defining Unicode char U+1F30D (decimal 127757)
   defining Unicode char U+1F30E (decimal 127758)
   defining Unicode char U+1F30F (decimal 127759)
   defining Unicode char U+1F310 (decimal 127760)
   defining Unicode char U+1F311 (decimal 127761)
   defining Unicode char U+1F312 (decimal 127762)
   defining Unicode char U+1F313 (decimal 127763)
   defining Unicode char U+1F314 (decimal 127764)
   defining Unicode char U+1F315 (decimal 127765)
   defining Unicode char U+1F316 (decimal 127766)
   defining Unicode char U+1F317 (decimal 127767)
   defining Unicode char U+1F318 (decimal 127768)
   defining Unicode char U+1F319 (decimal 127769)
   defining Unicode char U+1F31A (decimal 127770)
   defining Unicode char U+1F31B (decimal 127771)
   defining Unicode char U+1F31C (decimal 127772)
   defining Unicode char U+1F31D (decimal 127773)
   defining Unicode char U+1F31E (decimal 127774)
   defining Unicode char U+1F31F (decimal 127775)
   defining Unicode char U+1F320 (decimal 127776)
   defining Unicode char U+1F321 (decimal 127777)
   defining Unicode char U+1F324 (decimal 127780)
   defining Unicode char U+1F325 (decimal 127781)
   defining Unicode char U+1F326 (decimal 127782)
   defining Unicode char U+1F327 (decimal 127783)
   defining Unicode char U+1F328 (decimal 127784)
   defining Unicode char U+1F329 (decimal 127785)
   defining Unicode char U+1F32A (decimal 127786)
   defining Unicode char U+1F32B (decimal 127787)
   defining Unicode char U+1F32C (decimal 127788)
   defining Unicode char U+1F32D (decimal 127789)
   defining Unicode char U+1F32E (decimal 127790)
   defining Unicode char U+1F32F (decimal 127791)
   defining Unicode char U+1F330 (decimal 127792)
   defining Unicode char U+1F331 (decimal 127793)
   defining Unicode char U+1F332 (decimal 127794)
   defining Unicode char U+1F333 (decimal 127795)
   defining Unicode char U+1F334 (decimal 127796)
   defining Unicode char U+1F335 (decimal 127797)
   defining Unicode char U+1F336 (decimal 127798)
   defining Unicode char U+1F337 (decimal 127799)
   defining Unicode char U+1F338 (decimal 127800)
   defining Unicode char U+1F339 (decimal 127801)
   defining Unicode char U+1F33A (decimal 127802)
   defining Unicode char U+1F33B (decimal 127803)
   defining Unicode char U+1F33C (decimal 127804)
   defining Unicode char U+1F33D (decimal 127805)
   defining Unicode char U+1F33E (decimal 127806)
   defining Unicode char U+1F33F (decimal 127807)
   defining Unicode char U+1F340 (decimal 127808)
   defining Unicode char U+1F341 (decimal 127809)
   defining Unicode char U+1F342 (decimal 127810)
   defining Unicode char U+1F343 (decimal 127811)
   defining Unicode char U+1F344 (decimal 127812)
   defining Unicode char U+1F345 (decimal 127813)
   defining Unicode char U+1F346 (decimal 127814)
   defining Unicode char U+1F347 (decimal 127815)
   defining Unicode char U+1F348 (decimal 127816)
   defining Unicode char U+1F349 (decimal 127817)
   defining Unicode char U+1F34A (decimal 127818)
   defining Unicode char U+1F34B (decimal 127819)
   defining Unicode char U+1F34C (decimal 127820)
   defining Unicode char U+1F34D (decimal 127821)
   defining Unicode char U+1F34E (decimal 127822)
   defining Unicode char U+1F34F (decimal 127823)
   defining Unicode char U+1F350 (decimal 127824)
   defining Unicode char U+1F351 (decimal 127825)
   defining Unicode char U+1F352 (decimal 127826)
   defining Unicode char U+1F353 (decimal 127827)
   defining Unicode char U+1F354 (decimal 127828)
   defining Unicode char U+1F355 (decimal 127829)
   defining Unicode char U+1F356 (decimal 127830)
   defining Unicode char U+1F357 (decimal 127831)
   defining Unicode char U+1F358 (decimal 127832)
   defining Unicode char U+1F359 (decimal 127833)
   defining Unicode char U+1F35A (decimal 127834)
   defining Unicode char U+1F35B (decimal 127835)
   defining Unicode char U+1F35C (decimal 127836)
   defining Unicode char U+1F35D (decimal 127837)
   defining Unicode char U+1F35E (decimal 127838)
   defining Unicode char U+1F35F (decimal 127839)
   defining Unicode char U+1F360 (decimal 127840)
   defining Unicode char U+1F361 (decimal 127841)
   defining Unicode char U+1F362 (decimal 127842)
   defining Unicode char U+1F363 (decimal 127843)
   defining Unicode char U+1F364 (decimal 127844)
   defining Unicode char U+1F365 (decimal 127845)
   defining Unicode char U+1F366 (decimal 127846)
   defining Unicode char U+1F367 (decimal 127847)
   defining Unicode char U+1F368 (decimal 127848)
   defining Unicode char U+1F369 (decimal 127849)
   defining Unicode char U+1F36A (decimal 127850)
   defining Unicode char U+1F36B (decimal 127851)
   defining Unicode char U+1F36C (decimal 127852)
   defining Unicode char U+1F36D (decimal 127853)
   defining Unicode char U+1F36E (decimal 127854)
   defining Unicode char U+1F36F (decimal 127855)
   defining Unicode char U+1F370 (decimal 127856)
   defining Unicode char U+1F371 (decimal 127857)
   defining Unicode char U+1F372 (decimal 127858)
   defining Unicode char U+1F373 (decimal 127859)
   defining Unicode char U+1F374 (decimal 127860)
   defining Unicode char U+1F375 (decimal 127861)
   defining Unicode char U+1F376 (decimal 127862)
   defining Unicode char U+1F377 (decimal 127863)
   defining Unicode char U+1F378 (decimal 127864)
   defining Unicode char U+1F379 (decimal 127865)
   defining Unicode char U+1F37A (decimal 127866)
   defining Unicode char U+1F37B (decimal 127867)
   defining Unicode char U+1F37C (decimal 127868)
   defining Unicode char U+1F37D (decimal 127869)
   defining Unicode char U+1F37E (decimal 127870)
   defining Unicode char U+1F37F (decimal 127871)
   defining Unicode char U+1F380 (decimal 127872)
   defining Unicode char U+1F381 (decimal 127873)
   defining Unicode char U+1F382 (decimal 127874)
   defining Unicode char U+1F383 (decimal 127875)
   defining Unicode char U+1F384 (decimal 127876)
   defining Unicode char U+1F385 (decimal 127877)
   defining Unicode char U+1F386 (decimal 127878)
   defining Unicode char U+1F387 (decimal 127879)
   defining Unicode char U+1F388 (decimal 127880)
   defining Unicode char U+1F389 (decimal 127881)
   defining Unicode char U+1F38A (decimal 127882)
   defining Unicode char U+1F38B (decimal 127883)
   defining Unicode char U+1F38C (decimal 127884)
   defining Unicode char U+1F38D (decimal 127885)
   defining Unicode char U+1F38E (decimal 127886)
   defining Unicode char U+1F38F (decimal 127887)
   defining Unicode char U+1F390 (decimal 127888)
   defining Unicode char U+1F391 (decimal 127889)
   defining Unicode char U+1F392 (decimal 127890)
   defining Unicode char U+1F393 (decimal 127891)
   defining Unicode char U+1F396 (decimal 127894)
   defining Unicode char U+1F397 (decimal 127895)
   defining Unicode char U+1F399 (decimal 127897)
   defining Unicode char U+1F39A (decimal 127898)
   defining Unicode char U+1F39B (decimal 127899)
   defining Unicode char U+1F39E (decimal 127902)
   defining Unicode char U+1F39F (decimal 127903)
   defining Unicode char U+1F3A0 (decimal 127904)
   defining Unicode char U+1F3A1 (decimal 127905)
   defining Unicode char U+1F3A2 (decimal 127906)
   defining Unicode char U+1F3A3 (decimal 127907)
   defining Unicode char U+1F3A4 (decimal 127908)
   defining Unicode char U+1F3A5 (decimal 127909)
   defining Unicode char U+1F3A6 (decimal 127910)
   defining Unicode char U+1F3A7 (decimal 127911)
   defining Unicode char U+1F3A8 (decimal 127912)
   defining Unicode char U+1F3A9 (decimal 127913)
   defining Unicode char U+1F3AA (decimal 127914)
   defining Unicode char U+1F3AB (decimal 127915)
   defining Unicode char U+1F3AC (decimal 127916)
   defining Unicode char U+1F3AD (decimal 127917)
   defining Unicode char U+1F3AE (decimal 127918)
   defining Unicode char U+1F3AF (decimal 127919)
   defining Unicode char U+1F3B0 (decimal 127920)
   defining Unicode char U+1F3B1 (decimal 127921)
   defining Unicode char U+1F3B2 (decimal 127922)
   defining Unicode char U+1F3B3 (decimal 127923)
   defining Unicode char U+1F3B4 (decimal 127924)
   defining Unicode char U+1F3B5 (decimal 127925)
   defining Unicode char U+1F3B6 (decimal 127926)
   defining Unicode char U+1F3B7 (decimal 127927)
   defining Unicode char U+1F3B8 (decimal 127928)
   defining Unicode char U+1F3B9 (decimal 127929)
   defining Unicode char U+1F3BA (decimal 127930)
   defining Unicode char U+1F3BB (decimal 127931)
   defining Unicode char U+1F3BC (decimal 127932)
   defining Unicode char U+1F3BD (decimal 127933)
   defining Unicode char U+1F3BE (decimal 127934)
   defining Unicode char U+1F3BF (decimal 127935)
   defining Unicode char U+1F3C0 (decimal 127936)
   defining Unicode char U+1F3C1 (decimal 127937)
   defining Unicode char U+1F3C2 (decimal 127938)
   defining Unicode char U+1F3C3 (decimal 127939)
   defining Unicode char U+1F3C4 (decimal 127940)
   defining Unicode char U+1F3C5 (decimal 127941)
   defining Unicode char U+1F3C6 (decimal 127942)
   defining Unicode char U+1F3C7 (decimal 127943)
   defining Unicode char U+1F3C8 (decimal 127944)
   defining Unicode char U+1F3C9 (decimal 127945)
   defining Unicode char U+1F3CA (decimal 127946)
   defining Unicode char U+1F3CB (decimal 127947)
   defining Unicode char U+1F3CC (decimal 127948)
   defining Unicode char U+1F3CD (decimal 127949)
   defining Unicode char U+1F3CE (decimal 127950)
   defining Unicode char U+1F3CF (decimal 127951)
   defining Unicode char U+1F3D0 (decimal 127952)
   defining Unicode char U+1F3D1 (decimal 127953)
   defining Unicode char U+1F3D2 (decimal 127954)
   defining Unicode char U+1F3D3 (decimal 127955)
   defining Unicode char U+1F3D4 (decimal 127956)
   defining Unicode char U+1F3D5 (decimal 127957)
   defining Unicode char U+1F3D6 (decimal 127958)
   defining Unicode char U+1F3D7 (decimal 127959)
   defining Unicode char U+1F3D8 (decimal 127960)
   defining Unicode char U+1F3D9 (decimal 127961)
   defining Unicode char U+1F3DA (decimal 127962)
   defining Unicode char U+1F3DB (decimal 127963)
   defining Unicode char U+1F3DC (decimal 127964)
   defining Unicode char U+1F3DD (decimal 127965)
   defining Unicode char U+1F3DE (decimal 127966)
   defining Unicode char U+1F3DF (decimal 127967)
   defining Unicode char U+1F3E0 (decimal 127968)
   defining Unicode char U+1F3E1 (decimal 127969)
   defining Unicode char U+1F3E2 (decimal 127970)
   defining Unicode char U+1F3E3 (decimal 127971)
   defining Unicode char U+1F3E4 (decimal 127972)
   defining Unicode char U+1F3E5 (decimal 127973)
   defining Unicode char U+1F3E6 (decimal 127974)
   defining Unicode char U+1F3E7 (decimal 127975)
   defining Unicode char U+1F3E8 (decimal 127976)
   defining Unicode char U+1F3E9 (decimal 127977)
   defining Unicode char U+1F3EA (decimal 127978)
   defining Unicode char U+1F3EB (decimal 127979)
   defining Unicode char U+1F3EC (decimal 127980)
   defining Unicode char U+1F3ED (decimal 127981)
   defining Unicode char U+1F3EE (decimal 127982)
   defining Unicode char U+1F3EF (decimal 127983)
   defining Unicode char U+1F3F0 (decimal 127984)
   defining Unicode char U+1F3F3 (decimal 127987)
   defining Unicode char U+1F3F4 (decimal 127988)
   defining Unicode char U+1F3F5 (decimal 127989)
   defining Unicode char U+1F3F7 (decimal 127991)
   defining Unicode char U+1F3F8 (decimal 127992)
   defining Unicode char U+1F3F9 (decimal 127993)
   defining Unicode char U+1F3FA (decimal 127994)
   defining Unicode char U+1F3FB (decimal 127995)
   defining Unicode char U+1F3FC (decimal 127996)
   defining Unicode char U+1F3FD (decimal 127997)
   defining Unicode char U+1F3FE (decimal 127998)
   defining Unicode char U+1F3FF (decimal 127999)
   defining Unicode char U+1F400 (decimal 128000)
   defining Unicode char U+1F401 (decimal 128001)
   defining Unicode char U+1F402 (decimal 128002)
   defining Unicode char U+1F403 (decimal 128003)
   defining Unicode char U+1F404 (decimal 128004)
   defining Unicode char U+1F405 (decimal 128005)
   defining Unicode char U+1F406 (decimal 128006)
   defining Unicode char U+1F407 (decimal 128007)
   defining Unicode char U+1F408 (decimal 128008)
   defining Unicode char U+1F409 (decimal 128009)
   defining Unicode char U+1F40A (decimal 128010)
   defining Unicode char U+1F40B (decimal 128011)
   defining Unicode char U+1F40C (decimal 128012)
   defining Unicode char U+1F40D (decimal 128013)
   defining Unicode char U+1F40E (decimal 128014)
   defining Unicode char U+1F40F (decimal 128015)
   defining Unicode char U+1F410 (decimal 128016)
   defining Unicode char U+1F411 (decimal 128017)
   defining Unicode char U+1F412 (decimal 128018)
   defining Unicode char U+1F413 (decimal 128019)
   defining Unicode char U+1F414 (decimal 128020)
   defining Unicode char U+1F415 (decimal 128021)
   defining Unicode char U+1F416 (decimal 128022)
   defining Unicode char U+1F417 (decimal 128023)
   defining Unicode char U+1F418 (decimal 128024)
   defining Unicode char U+1F419 (decimal 128025)
   defining Unicode char U+1F41A (decimal 128026)
   defining Unicode char U+1F41B (decimal 128027)
   defining Unicode char U+1F41C (decimal 128028)
   defining Unicode char U+1F41D (decimal 128029)
   defining Unicode char U+1F41E (decimal 128030)
   defining Unicode char U+1F41F (decimal 128031)
   defining Unicode char U+1F420 (decimal 128032)
   defining Unicode char U+1F421 (decimal 128033)
   defining Unicode char U+1F422 (decimal 128034)
   defining Unicode char U+1F423 (decimal 128035)
   defining Unicode char U+1F424 (decimal 128036)
   defining Unicode char U+1F425 (decimal 128037)
   defining Unicode char U+1F426 (decimal 128038)
   defining Unicode char U+1F427 (decimal 128039)
   defining Unicode char U+1F428 (decimal 128040)
   defining Unicode char U+1F429 (decimal 128041)
   defining Unicode char U+1F42A (decimal 128042)
   defining Unicode char U+1F42B (decimal 128043)
   defining Unicode char U+1F42C (decimal 128044)
   defining Unicode char U+1F42D (decimal 128045)
   defining Unicode char U+1F42E (decimal 128046)
   defining Unicode char U+1F42F (decimal 128047)
   defining Unicode char U+1F430 (decimal 128048)
   defining Unicode char U+1F431 (decimal 128049)
   defining Unicode char U+1F432 (decimal 128050)
   defining Unicode char U+1F433 (decimal 128051)
   defining Unicode char U+1F434 (decimal 128052)
   defining Unicode char U+1F435 (decimal 128053)
   defining Unicode char U+1F436 (decimal 128054)
   defining Unicode char U+1F437 (decimal 128055)
   defining Unicode char U+1F438 (decimal 128056)
   defining Unicode char U+1F439 (decimal 128057)
   defining Unicode char U+1F43A (decimal 128058)
   defining Unicode char U+1F43B (decimal 128059)
   defining Unicode char U+1F43C (decimal 128060)
   defining Unicode char U+1F43D (decimal 128061)
   defining Unicode char U+1F43E (decimal 128062)
   defining Unicode char U+1F43F (decimal 128063)
   defining Unicode char U+1F440 (decimal 128064)
   defining Unicode char U+1F441 (decimal 128065)
   defining Unicode char U+1F442 (decimal 128066)
   defining Unicode char U+1F443 (decimal 128067)
   defining Unicode char U+1F444 (decimal 128068)
   defining Unicode char U+1F445 (decimal 128069)
   defining Unicode char U+1F446 (decimal 128070)
   defining Unicode char U+1F447 (decimal 128071)
   defining Unicode char U+1F448 (decimal 128072)
   defining Unicode char U+1F449 (decimal 128073)
   defining Unicode char U+1F44A (decimal 128074)
   defining Unicode char U+1F44B (decimal 128075)
   defining Unicode char U+1F44C (decimal 128076)
   defining Unicode char U+1F44D (decimal 128077)
   defining Unicode char U+1F44E (decimal 128078)
   defining Unicode char U+1F44F (decimal 128079)
   defining Unicode char U+1F450 (decimal 128080)
   defining Unicode char U+1F451 (decimal 128081)
   defining Unicode char U+1F452 (decimal 128082)
   defining Unicode char U+1F453 (decimal 128083)
   defining Unicode char U+1F454 (decimal 128084)
   defining Unicode char U+1F455 (decimal 128085)
   defining Unicode char U+1F456 (decimal 128086)
   defining Unicode char U+1F457 (decimal 128087)
   defining Unicode char U+1F458 (decimal 128088)
   defining Unicode char U+1F459 (decimal 128089)
   defining Unicode char U+1F45A (decimal 128090)
   defining Unicode char U+1F45B (decimal 128091)
   defining Unicode char U+1F45C (decimal 128092)
   defining Unicode char U+1F45D (decimal 128093)
   defining Unicode char U+1F45E (decimal 128094)
   defining Unicode char U+1F45F (decimal 128095)
   defining Unicode char U+1F460 (decimal 128096)
   defining Unicode char U+1F461 (decimal 128097)
   defining Unicode char U+1F462 (decimal 128098)
   defining Unicode char U+1F463 (decimal 128099)
   defining Unicode char U+1F464 (decimal 128100)
   defining Unicode char U+1F465 (decimal 128101)
   defining Unicode char U+1F466 (decimal 128102)
   defining Unicode char U+1F467 (decimal 128103)
   defining Unicode char U+1F468 (decimal 128104)
   defining Unicode char U+1F469 (decimal 128105)
   defining Unicode char U+1F46A (decimal 128106)
   defining Unicode char U+1F46B (decimal 128107)
   defining Unicode char U+1F46C (decimal 128108)
   defining Unicode char U+1F46D (decimal 128109)
   defining Unicode char U+1F46E (decimal 128110)
   defining Unicode char U+1F46F (decimal 128111)
   defining Unicode char U+1F470 (decimal 128112)
   defining Unicode char U+1F471 (decimal 128113)
   defining Unicode char U+1F472 (decimal 128114)
   defining Unicode char U+1F473 (decimal 128115)
   defining Unicode char U+1F474 (decimal 128116)
   defining Unicode char U+1F475 (decimal 128117)
   defining Unicode char U+1F476 (decimal 128118)
   defining Unicode char U+1F477 (decimal 128119)
   defining Unicode char U+1F478 (decimal 128120)
   defining Unicode char U+1F479 (decimal 128121)
   defining Unicode char U+1F47A (decimal 128122)
   defining Unicode char U+1F47B (decimal 128123)
   defining Unicode char U+1F47C (decimal 128124)
   defining Unicode char U+1F47D (decimal 128125)
   defining Unicode char U+1F47E (decimal 128126)
   defining Unicode char U+1F47F (decimal 128127)
   defining Unicode char U+1F480 (decimal 128128)
   defining Unicode char U+1F481 (decimal 128129)
   defining Unicode char U+1F482 (decimal 128130)
   defining Unicode char U+1F483 (decimal 128131)
   defining Unicode char U+1F484 (decimal 128132)
   defining Unicode char U+1F485 (decimal 128133)
   defining Unicode char U+1F486 (decimal 128134)
   defining Unicode char U+1F487 (decimal 128135)
   defining Unicode char U+1F488 (decimal 128136)
   defining Unicode char U+1F489 (decimal 128137)
   defining Unicode char U+1F48A (decimal 128138)
   defining Unicode char U+1F48B (decimal 128139)
   defining Unicode char U+1F48C (decimal 128140)
   defining Unicode char U+1F48D (decimal 128141)
   defining Unicode char U+1F48E (decimal 128142)
   defining Unicode char U+1F48F (decimal 128143)
   defining Unicode char U+1F490 (decimal 128144)
   defining Unicode char U+1F491 (decimal 128145)
   defining Unicode char U+1F492 (decimal 128146)
   defining Unicode char U+1F493 (decimal 128147)
   defining Unicode char U+1F494 (decimal 128148)
   defining Unicode char U+1F495 (decimal 128149)
   defining Unicode char U+1F496 (decimal 128150)
   defining Unicode char U+1F497 (decimal 128151)
   defining Unicode char U+1F498 (decimal 128152)
   defining Unicode char U+1F499 (decimal 128153)
   defining Unicode char U+1F49A (decimal 128154)
   defining Unicode char U+1F49B (decimal 128155)
   defining Unicode char U+1F49C (decimal 128156)
   defining Unicode char U+1F49D (decimal 128157)
   defining Unicode char U+1F49E (decimal 128158)
   defining Unicode char U+1F49F (decimal 128159)
   defining Unicode char U+1F4A0 (decimal 128160)
   defining Unicode char U+1F4A1 (decimal 128161)
   defining Unicode char U+1F4A2 (decimal 128162)
   defining Unicode char U+1F4A3 (decimal 128163)
   defining Unicode char U+1F4A4 (decimal 128164)
   defining Unicode char U+1F4A5 (decimal 128165)
   defining Unicode char U+1F4A6 (decimal 128166)
   defining Unicode char U+1F4A7 (decimal 128167)
   defining Unicode char U+1F4A8 (decimal 128168)
   defining Unicode char U+1F4A9 (decimal 128169)
   defining Unicode char U+1F4AA (decimal 128170)
   defining Unicode char U+1F4AB (decimal 128171)
   defining Unicode char U+1F4AC (decimal 128172)
   defining Unicode char U+1F4AD (decimal 128173)
   defining Unicode char U+1F4AE (decimal 128174)
   defining Unicode char U+1F4AF (decimal 128175)
   defining Unicode char U+1F4B0 (decimal 128176)
   defining Unicode char U+1F4B1 (decimal 128177)
   defining Unicode char U+1F4B2 (decimal 128178)
   defining Unicode char U+1F4B3 (decimal 128179)
   defining Unicode char U+1F4B4 (decimal 128180)
   defining Unicode char U+1F4B5 (decimal 128181)
   defining Unicode char U+1F4B6 (decimal 128182)
   defining Unicode char U+1F4B7 (decimal 128183)
   defining Unicode char U+1F4B8 (decimal 128184)
   defining Unicode char U+1F4B9 (decimal 128185)
   defining Unicode char U+1F4BA (decimal 128186)
   defining Unicode char U+1F4BB (decimal 128187)
   defining Unicode char U+1F4BC (decimal 128188)
   defining Unicode char U+1F4BD (decimal 128189)
   defining Unicode char U+1F4BE (decimal 128190)
   defining Unicode char U+1F4BF (decimal 128191)
   defining Unicode char U+1F4C0 (decimal 128192)
   defining Unicode char U+1F4C1 (decimal 128193)
   defining Unicode char U+1F4C2 (decimal 128194)
   defining Unicode char U+1F4C3 (decimal 128195)
   defining Unicode char U+1F4C4 (decimal 128196)
   defining Unicode char U+1F4C5 (decimal 128197)
   defining Unicode char U+1F4C6 (decimal 128198)
   defining Unicode char U+1F4C7 (decimal 128199)
   defining Unicode char U+1F4C8 (decimal 128200)
   defining Unicode char U+1F4C9 (decimal 128201)
   defining Unicode char U+1F4CA (decimal 128202)
   defining Unicode char U+1F4CB (decimal 128203)
   defining Unicode char U+1F4CC (decimal 128204)
   defining Unicode char U+1F4CD (decimal 128205)
   defining Unicode char U+1F4CE (decimal 128206)
   defining Unicode char U+1F4CF (decimal 128207)
   defining Unicode char U+1F4D0 (decimal 128208)
   defining Unicode char U+1F4D1 (decimal 128209)
   defining Unicode char U+1F4D2 (decimal 128210)
   defining Unicode char U+1F4D3 (decimal 128211)
   defining Unicode char U+1F4D4 (decimal 128212)
   defining Unicode char U+1F4D5 (decimal 128213)
   defining Unicode char U+1F4D6 (decimal 128214)
   defining Unicode char U+1F4D7 (decimal 128215)
   defining Unicode char U+1F4D8 (decimal 128216)
   defining Unicode char U+1F4D9 (decimal 128217)
   defining Unicode char U+1F4DA (decimal 128218)
   defining Unicode char U+1F4DB (decimal 128219)
   defining Unicode char U+1F4DC (decimal 128220)
   defining Unicode char U+1F4DD (decimal 128221)
   defining Unicode char U+1F4DE (decimal 128222)
   defining Unicode char U+1F4DF (decimal 128223)
   defining Unicode char U+1F4E0 (decimal 128224)
   defining Unicode char U+1F4E1 (decimal 128225)
   defining Unicode char U+1F4E2 (decimal 128226)
   defining Unicode char U+1F4E3 (decimal 128227)
   defining Unicode char U+1F4E4 (decimal 128228)
   defining Unicode char U+1F4E5 (decimal 128229)
   defining Unicode char U+1F4E6 (decimal 128230)
   defining Unicode char U+1F4E7 (decimal 128231)
   defining Unicode char U+1F4E8 (decimal 128232)
   defining Unicode char U+1F4E9 (decimal 128233)
   defining Unicode char U+1F4EA (decimal 128234)
   defining Unicode char U+1F4EB (decimal 128235)
   defining Unicode char U+1F4EC (decimal 128236)
   defining Unicode char U+1F4ED (decimal 128237)
   defining Unicode char U+1F4EE (decimal 128238)
   defining Unicode char U+1F4EF (decimal 128239)
   defining Unicode char U+1F4F0 (decimal 128240)
   defining Unicode char U+1F4F1 (decimal 128241)
   defining Unicode char U+1F4F2 (decimal 128242)
   defining Unicode char U+1F4F3 (decimal 128243)
   defining Unicode char U+1F4F4 (decimal 128244)
   defining Unicode char U+1F4F5 (decimal 128245)
   defining Unicode char U+1F4F6 (decimal 128246)
   defining Unicode char U+1F4F7 (decimal 128247)
   defining Unicode char U+1F4F8 (decimal 128248)
   defining Unicode char U+1F4F9 (decimal 128249)
   defining Unicode char U+1F4FA (decimal 128250)
   defining Unicode char U+1F4FB (decimal 128251)
   defining Unicode char U+1F4FC (decimal 128252)
   defining Unicode char U+1F4FD (decimal 128253)
   defining Unicode char U+1F4FF (decimal 128255)
   defining Unicode char U+1F500 (decimal 128256)
   defining Unicode char U+1F501 (decimal 128257)
   defining Unicode char U+1F502 (decimal 128258)
   defining Unicode char U+1F503 (decimal 128259)
   defining Unicode char U+1F504 (decimal 128260)
   defining Unicode char U+1F505 (decimal 128261)
   defining Unicode char U+1F506 (decimal 128262)
   defining Unicode char U+1F507 (decimal 128263)
   defining Unicode char U+1F508 (decimal 128264)
   defining Unicode char U+1F509 (decimal 128265)
   defining Unicode char U+1F50A (decimal 128266)
   defining Unicode char U+1F50B (decimal 128267)
   defining Unicode char U+1F50C (decimal 128268)
   defining Unicode char U+1F50D (decimal 128269)
   defining Unicode char U+1F50E (decimal 128270)
   defining Unicode char U+1F50F (decimal 128271)
   defining Unicode char U+1F510 (decimal 128272)
   defining Unicode char U+1F511 (decimal 128273)
   defining Unicode char U+1F512 (decimal 128274)
   defining Unicode char U+1F513 (decimal 128275)
   defining Unicode char U+1F514 (decimal 128276)
   defining Unicode char U+1F515 (decimal 128277)
   defining Unicode char U+1F516 (decimal 128278)
   defining Unicode char U+1F517 (decimal 128279)
   defining Unicode char U+1F518 (decimal 128280)
   defining Unicode char U+1F519 (decimal 128281)
   defining Unicode char U+1F51A (decimal 128282)
   defining Unicode char U+1F51B (decimal 128283)
   defining Unicode char U+1F51C (decimal 128284)
   defining Unicode char U+1F51D (decimal 128285)
   defining Unicode char U+1F51E (decimal 128286)
   defining Unicode char U+1F51F (decimal 128287)
   defining Unicode char U+1F520 (decimal 128288)
   defining Unicode char U+1F521 (decimal 128289)
   defining Unicode char U+1F522 (decimal 128290)
   defining Unicode char U+1F523 (decimal 128291)
   defining Unicode char U+1F524 (decimal 128292)
   defining Unicode char U+1F525 (decimal 128293)
   defining Unicode char U+1F526 (decimal 128294)
   defining Unicode char U+1F527 (decimal 128295)
   defining Unicode char U+1F528 (decimal 128296)
   defining Unicode char U+1F529 (decimal 128297)
   defining Unicode char U+1F52A (decimal 128298)
   defining Unicode char U+1F52B (decimal 128299)
   defining Unicode char U+1F52C (decimal 128300)
   defining Unicode char U+1F52D (decimal 128301)
   defining Unicode char U+1F52E (decimal 128302)
   defining Unicode char U+1F52F (decimal 128303)
   defining Unicode char U+1F530 (decimal 128304)
   defining Unicode char U+1F531 (decimal 128305)
   defining Unicode char U+1F532 (decimal 128306)
   defining Unicode char U+1F533 (decimal 128307)
   defining Unicode char U+1F534 (decimal 128308)
   defining Unicode char U+1F535 (decimal 128309)
   defining Unicode char U+1F536 (decimal 128310)
   defining Unicode char U+1F537 (decimal 128311)
   defining Unicode char U+1F538 (decimal 128312)
   defining Unicode char U+1F539 (decimal 128313)
   defining Unicode char U+1F53A (decimal 128314)
   defining Unicode char U+1F53B (decimal 128315)
   defining Unicode char U+1F53C (decimal 128316)
   defining Unicode char U+1F53D (decimal 128317)
   defining Unicode char U+1F549 (decimal 128329)
   defining Unicode char U+1F54A (decimal 128330)
   defining Unicode char U+1F54B (decimal 128331)
   defining Unicode char U+1F54C (decimal 128332)
   defining Unicode char U+1F54D (decimal 128333)
   defining Unicode char U+1F54E (decimal 128334)
   defining Unicode char U+1F550 (decimal 128336)
   defining Unicode char U+1F551 (decimal 128337)
   defining Unicode char U+1F552 (decimal 128338)
   defining Unicode char U+1F553 (decimal 128339)
   defining Unicode char U+1F554 (decimal 128340)
   defining Unicode char U+1F555 (decimal 128341)
   defining Unicode char U+1F556 (decimal 128342)
   defining Unicode char U+1F557 (decimal 128343)
   defining Unicode char U+1F558 (decimal 128344)
   defining Unicode char U+1F559 (decimal 128345)
   defining Unicode char U+1F55A (decimal 128346)
   defining Unicode char U+1F55B (decimal 128347)
   defining Unicode char U+1F55C (decimal 128348)
   defining Unicode char U+1F55D (decimal 128349)
   defining Unicode char U+1F55E (decimal 128350)
   defining Unicode char U+1F55F (decimal 128351)
   defining Unicode char U+1F560 (decimal 128352)
   defining Unicode char U+1F561 (decimal 128353)
   defining Unicode char U+1F562 (decimal 128354)
   defining Unicode char U+1F563 (decimal 128355)
   defining Unicode char U+1F564 (decimal 128356)
   defining Unicode char U+1F565 (decimal 128357)
   defining Unicode char U+1F566 (decimal 128358)
   defining Unicode char U+1F567 (decimal 128359)
   defining Unicode char U+1F56F (decimal 128367)
   defining Unicode char U+1F570 (decimal 128368)
   defining Unicode char U+1F573 (decimal 128371)
   defining Unicode char U+1F574 (decimal 128372)
   defining Unicode char U+1F575 (decimal 128373)
   defining Unicode char U+1F576 (decimal 128374)
   defining Unicode char U+1F577 (decimal 128375)
   defining Unicode char U+1F578 (decimal 128376)
   defining Unicode char U+1F579 (decimal 128377)
   defining Unicode char U+1F57A (decimal 128378)
   defining Unicode char U+1F587 (decimal 128391)
   defining Unicode char U+1F58A (decimal 128394)
   defining Unicode char U+1F58B (decimal 128395)
   defining Unicode char U+1F58C (decimal 128396)
   defining Unicode char U+1F58D (decimal 128397)
   defining Unicode char U+1F590 (decimal 128400)
   defining Unicode char U+1F595 (decimal 128405)
   defining Unicode char U+1F596 (decimal 128406)
   defining Unicode char U+1F5A4 (decimal 128420)
   defining Unicode char U+1F5A5 (decimal 128421)
   defining Unicode char U+1F5A8 (decimal 128424)
   defining Unicode char U+1F5B1 (decimal 128433)
   defining Unicode char U+1F5B2 (decimal 128434)
   defining Unicode char U+1F5BC (decimal 128444)
   defining Unicode char U+1F5C2 (decimal 128450)
   defining Unicode char U+1F5C3 (decimal 128451)
   defining Unicode char U+1F5C4 (decimal 128452)
   defining Unicode char U+1F5D1 (decimal 128465)
   defining Unicode char U+1F5D2 (decimal 128466)
   defining Unicode char U+1F5D3 (decimal 128467)
   defining Unicode char U+1F5DC (decimal 128476)
   defining Unicode char U+1F5DD (decimal 128477)
   defining Unicode char U+1F5DE (decimal 128478)
   defining Unicode char U+1F5E1 (decimal 128481)
   defining Unicode char U+1F5E3 (decimal 128483)
   defining Unicode char U+1F5E8 (decimal 128488)
   defining Unicode char U+1F5EF (decimal 128495)
   defining Unicode char U+1F5F3 (decimal 128499)
   defining Unicode char U+1F5FA (decimal 128506)
   defining Unicode char U+1F5FB (decimal 128507)
   defining Unicode char U+1F5FC (decimal 128508)
   defining Unicode char U+1F5FD (decimal 128509)
   defining Unicode char U+1F5FE (decimal 128510)
   defining Unicode char U+1F5FF (decimal 128511)
   defining Unicode char U+1F600 (decimal 128512)
   defining Unicode char U+1F601 (decimal 128513)
   defining Unicode char U+1F602 (decimal 128514)
   defining Unicode char U+1F603 (decimal 128515)
   defining Unicode char U+1F604 (decimal 128516)
   defining Unicode char U+1F605 (decimal 128517)
   defining Unicode char U+1F606 (decimal 128518)
   defining Unicode char U+1F607 (decimal 128519)
   defining Unicode char U+1F608 (decimal 128520)
   defining Unicode char U+1F609 (decimal 128521)
   defining Unicode char U+1F60A (decimal 128522)
   defining Unicode char U+1F60B (decimal 128523)
   defining Unicode char U+1F60C (decimal 128524)
   defining Unicode char U+1F60D (decimal 128525)
   defining Unicode char U+1F60E (decimal 128526)
   defining Unicode char U+1F60F (decimal 128527)
   defining Unicode char U+1F610 (decimal 128528)
   defining Unicode char U+1F611 (decimal 128529)
   defining Unicode char U+1F612 (decimal 128530)
   defining Unicode char U+1F613 (decimal 128531)
   defining Unicode char U+1F614 (decimal 128532)
   defining Unicode char U+1F615 (decimal 128533)
   defining Unicode char U+1F616 (decimal 128534)
   defining Unicode char U+1F617 (decimal 128535)
   defining Unicode char U+1F618 (decimal 128536)
   defining Unicode char U+1F619 (decimal 128537)
   defining Unicode char U+1F61A (decimal 128538)
   defining Unicode char U+1F61B (decimal 128539)
   defining Unicode char U+1F61C (decimal 128540)
   defining Unicode char U+1F61D (decimal 128541)
   defining Unicode char U+1F61E (decimal 128542)
   defining Unicode char U+1F61F (decimal 128543)
   defining Unicode char U+1F620 (decimal 128544)
   defining Unicode char U+1F621 (decimal 128545)
   defining Unicode char U+1F622 (decimal 128546)
   defining Unicode char U+1F623 (decimal 128547)
   defining Unicode char U+1F624 (decimal 128548)
   defining Unicode char U+1F625 (decimal 128549)
   defining Unicode char U+1F626 (decimal 128550)
   defining Unicode char U+1F627 (decimal 128551)
   defining Unicode char U+1F628 (decimal 128552)
   defining Unicode char U+1F629 (decimal 128553)
   defining Unicode char U+1F62A (decimal 128554)
   defining Unicode char U+1F62B (decimal 128555)
   defining Unicode char U+1F62C (decimal 128556)
   defining Unicode char U+1F62D (decimal 128557)
   defining Unicode char U+1F62E (decimal 128558)
   defining Unicode char U+1F62F (decimal 128559)
   defining Unicode char U+1F630 (decimal 128560)
   defining Unicode char U+1F631 (decimal 128561)
   defining Unicode char U+1F632 (decimal 128562)
   defining Unicode char U+1F633 (decimal 128563)
   defining Unicode char U+1F634 (decimal 128564)
   defining Unicode char U+1F635 (decimal 128565)
   defining Unicode char U+1F636 (decimal 128566)
   defining Unicode char U+1F637 (decimal 128567)
   defining Unicode char U+1F638 (decimal 128568)
   defining Unicode char U+1F639 (decimal 128569)
   defining Unicode char U+1F63A (decimal 128570)
   defining Unicode char U+1F63B (decimal 128571)
   defining Unicode char U+1F63C (decimal 128572)
   defining Unicode char U+1F63D (decimal 128573)
   defining Unicode char U+1F63E (decimal 128574)
   defining Unicode char U+1F63F (decimal 128575)
   defining Unicode char U+1F640 (decimal 128576)
   defining Unicode char U+1F641 (decimal 128577)
   defining Unicode char U+1F642 (decimal 128578)
   defining Unicode char U+1F643 (decimal 128579)
   defining Unicode char U+1F644 (decimal 128580)
   defining Unicode char U+1F645 (decimal 128581)
   defining Unicode char U+1F646 (decimal 128582)
   defining Unicode char U+1F647 (decimal 128583)
   defining Unicode char U+1F648 (decimal 128584)
   defining Unicode char U+1F649 (decimal 128585)
   defining Unicode char U+1F64A (decimal 128586)
   defining Unicode char U+1F64B (decimal 128587)
   defining Unicode char U+1F64C (decimal 128588)
   defining Unicode char U+1F64D (decimal 128589)
   defining Unicode char U+1F64E (decimal 128590)
   defining Unicode char U+1F64F (decimal 128591)
   defining Unicode char U+1F680 (decimal 128640)
   defining Unicode char U+1F681 (decimal 128641)
   defining Unicode char U+1F682 (decimal 128642)
   defining Unicode char U+1F683 (decimal 128643)
   defining Unicode char U+1F684 (decimal 128644)
   defining Unicode char U+1F685 (decimal 128645)
   defining Unicode char U+1F686 (decimal 128646)
   defining Unicode char U+1F687 (decimal 128647)
   defining Unicode char U+1F688 (decimal 128648)
   defining Unicode char U+1F689 (decimal 128649)
   defining Unicode char U+1F68A (decimal 128650)
   defining Unicode char U+1F68B (decimal 128651)
   defining Unicode char U+1F68C (decimal 128652)
   defining Unicode char U+1F68D (decimal 128653)
   defining Unicode char U+1F68E (decimal 128654)
   defining Unicode char U+1F68F (decimal 128655)
   defining Unicode char U+1F690 (decimal 128656)
   defining Unicode char U+1F691 (decimal 128657)
   defining Unicode char U+1F692 (decimal 128658)
   defining Unicode char U+1F693 (decimal 128659)
   defining Unicode char U+1F694 (decimal 128660)
   defining Unicode char U+1F695 (decimal 128661)
   defining Unicode char U+1F696 (decimal 128662)
   defining Unicode char U+1F697 (decimal 128663)
   defining Unicode char U+1F698 (decimal 128664)
   defining Unicode char U+1F699 (decimal 128665)
   defining Unicode char U+1F69A (decimal 128666)
   defining Unicode char U+1F69B (decimal 128667)
   defining Unicode char U+1F69C (decimal 128668)
   defining Unicode char U+1F69D (decimal 128669)
   defining Unicode char U+1F69E (decimal 128670)
   defining Unicode char U+1F69F (decimal 128671)
   defining Unicode char U+1F6A0 (decimal 128672)
   defining Unicode char U+1F6A1 (decimal 128673)
   defining Unicode char U+1F6A2 (decimal 128674)
   defining Unicode char U+1F6A3 (decimal 128675)
   defining Unicode char U+1F6A4 (decimal 128676)
   defining Unicode char U+1F6A5 (decimal 128677)
   defining Unicode char U+1F6A6 (decimal 128678)
   defining Unicode char U+1F6A7 (decimal 128679)
   defining Unicode char U+1F6A8 (decimal 128680)
   defining Unicode char U+1F6A9 (decimal 128681)
   defining Unicode char U+1F6AA (decimal 128682)
   defining Unicode char U+1F6AB (decimal 128683)
   defining Unicode char U+1F6AC (decimal 128684)
   defining Unicode char U+1F6AD (decimal 128685)
   defining Unicode char U+1F6AE (decimal 128686)
   defining Unicode char U+1F6AF (decimal 128687)
   defining Unicode char U+1F6B0 (decimal 128688)
   defining Unicode char U+1F6B1 (decimal 128689)
   defining Unicode char U+1F6B2 (decimal 128690)
   defining Unicode char U+1F6B3 (decimal 128691)
   defining Unicode char U+1F6B4 (decimal 128692)
   defining Unicode char U+1F6B5 (decimal 128693)
   defining Unicode char U+1F6B6 (decimal 128694)
   defining Unicode char U+1F6B7 (decimal 128695)
   defining Unicode char U+1F6B8 (decimal 128696)
   defining Unicode char U+1F6B9 (decimal 128697)
   defining Unicode char U+1F6BA (decimal 128698)
   defining Unicode char U+1F6BB (decimal 128699)
   defining Unicode char U+1F6BC (decimal 128700)
   defining Unicode char U+1F6BD (decimal 128701)
   defining Unicode char U+1F6BE (decimal 128702)
   defining Unicode char U+1F6BF (decimal 128703)
   defining Unicode char U+1F6C0 (decimal 128704)
   defining Unicode char U+1F6C1 (decimal 128705)
   defining Unicode char U+1F6C2 (decimal 128706)
   defining Unicode char U+1F6C3 (decimal 128707)
   defining Unicode char U+1F6C4 (decimal 128708)
   defining Unicode char U+1F6C5 (decimal 128709)
   defining Unicode char U+1F6CB (decimal 128715)
   defining Unicode char U+1F6CC (decimal 128716)
   defining Unicode char U+1F6CD (decimal 128717)
   defining Unicode char U+1F6CE (decimal 128718)
   defining Unicode char U+1F6CF (decimal 128719)
   defining Unicode char U+1F6D0 (decimal 128720)
   defining Unicode char U+1F6D1 (decimal 128721)
   defining Unicode char U+1F6D2 (decimal 128722)
   defining Unicode char U+1F6D5 (decimal 128725)
   defining Unicode char U+1F6D6 (decimal 128726)
   defining Unicode char U+1F6D7 (decimal 128727)
   defining Unicode char U+1F6DD (decimal 128733)
   defining Unicode char U+1F6DE (decimal 128734)
   defining Unicode char U+1F6DF (decimal 128735)
   defining Unicode char U+1F6E0 (decimal 128736)
   defining Unicode char U+1F6E1 (decimal 128737)
   defining Unicode char U+1F6E2 (decimal 128738)
   defining Unicode char U+1F6E3 (decimal 128739)
   defining Unicode char U+1F6E4 (decimal 128740)
   defining Unicode char U+1F6E5 (decimal 128741)
   defining Unicode char U+1F6E9 (decimal 128745)
   defining Unicode char U+1F6EB (decimal 128747)
   defining Unicode char U+1F6EC (decimal 128748)
   defining Unicode char U+1F6F0 (decimal 128752)
   defining Unicode char U+1F6F3 (decimal 128755)
   defining Unicode char U+1F6F4 (decimal 128756)
   defining Unicode char U+1F6F5 (decimal 128757)
   defining Unicode char U+1F6F6 (decimal 128758)
   defining Unicode char U+1F6F7 (decimal 128759)
   defining Unicode char U+1F6F8 (decimal 128760)
   defining Unicode char U+1F6F9 (decimal 128761)
   defining Unicode char U+1F6FA (decimal 128762)
   defining Unicode char U+1F6FB (decimal 128763)
   defining Unicode char U+1F6FC (decimal 128764)
   defining Unicode char U+1F7E0 (decimal 128992)
   defining Unicode char U+1F7E1 (decimal 128993)
   defining Unicode char U+1F7E2 (decimal 128994)
   defining Unicode char U+1F7E3 (decimal 128995)
   defining Unicode char U+1F7E4 (decimal 128996)
   defining Unicode char U+1F7E5 (decimal 128997)
   defining Unicode char U+1F7E6 (decimal 128998)
   defining Unicode char U+1F7E7 (decimal 128999)
   defining Unicode char U+1F7E8 (decimal 129000)
   defining Unicode char U+1F7E9 (decimal 129001)
   defining Unicode char U+1F7EA (decimal 129002)
   defining Unicode char U+1F7EB (decimal 129003)
   defining Unicode char U+1F7F0 (decimal 129008)
   defining Unicode char U+1F90C (decimal 129292)
   defining Unicode char U+1F90D (decimal 129293)
   defining Unicode char U+1F90E (decimal 129294)
   defining Unicode char U+1F90F (decimal 129295)
   defining Unicode char U+1F910 (decimal 129296)
   defining Unicode char U+1F911 (decimal 129297)
   defining Unicode char U+1F912 (decimal 129298)
   defining Unicode char U+1F913 (decimal 129299)
   defining Unicode char U+1F914 (decimal 129300)
   defining Unicode char U+1F915 (decimal 129301)
   defining Unicode char U+1F916 (decimal 129302)
   defining Unicode char U+1F917 (decimal 129303)
   defining Unicode char U+1F918 (decimal 129304)
   defining Unicode char U+1F919 (decimal 129305)
   defining Unicode char U+1F91A (decimal 129306)
   defining Unicode char U+1F91B (decimal 129307)
   defining Unicode char U+1F91C (decimal 129308)
   defining Unicode char U+1F91D (decimal 129309)
   defining Unicode char U+1F91E (decimal 129310)
   defining Unicode char U+1F91F (decimal 129311)
   defining Unicode char U+1F920 (decimal 129312)
   defining Unicode char U+1F921 (decimal 129313)
   defining Unicode char U+1F922 (decimal 129314)
   defining Unicode char U+1F923 (decimal 129315)
   defining Unicode char U+1F924 (decimal 129316)
   defining Unicode char U+1F925 (decimal 129317)
   defining Unicode char U+1F926 (decimal 129318)
   defining Unicode char U+1F927 (decimal 129319)
   defining Unicode char U+1F928 (decimal 129320)
   defining Unicode char U+1F929 (decimal 129321)
   defining Unicode char U+1F92A (decimal 129322)
   defining Unicode char U+1F92B (decimal 129323)
   defining Unicode char U+1F92C (decimal 129324)
   defining Unicode char U+1F92D (decimal 129325)
   defining Unicode char U+1F92E (decimal 129326)
   defining Unicode char U+1F92F (decimal 129327)
   defining Unicode char U+1F930 (decimal 129328)
   defining Unicode char U+1F931 (decimal 129329)
   defining Unicode char U+1F932 (decimal 129330)
   defining Unicode char U+1F933 (decimal 129331)
   defining Unicode char U+1F934 (decimal 129332)
   defining Unicode char U+1F935 (decimal 129333)
   defining Unicode char U+1F936 (decimal 129334)
   defining Unicode char U+1F937 (decimal 129335)
   defining Unicode char U+1F938 (decimal 129336)
   defining Unicode char U+1F939 (decimal 129337)
   defining Unicode char U+1F93A (decimal 129338)
   defining Unicode char U+1F93C (decimal 129340)
   defining Unicode char U+1F93D (decimal 129341)
   defining Unicode char U+1F93E (decimal 129342)
   defining Unicode char U+1F93F (decimal 129343)
   defining Unicode char U+1F940 (decimal 129344)
   defining Unicode char U+1F941 (decimal 129345)
   defining Unicode char U+1F942 (decimal 129346)
   defining Unicode char U+1F943 (decimal 129347)
   defining Unicode char U+1F944 (decimal 129348)
   defining Unicode char U+1F945 (decimal 129349)
   defining Unicode char U+1F947 (decimal 129351)
   defining Unicode char U+1F948 (decimal 129352)
   defining Unicode char U+1F949 (decimal 129353)
   defining Unicode char U+1F94A (decimal 129354)
   defining Unicode char U+1F94B (decimal 129355)
   defining Unicode char U+1F94C (decimal 129356)
   defining Unicode char U+1F94D (decimal 129357)
   defining Unicode char U+1F94E (decimal 129358)
   defining Unicode char U+1F94F (decimal 129359)
   defining Unicode char U+1F950 (decimal 129360)
   defining Unicode char U+1F951 (decimal 129361)
   defining Unicode char U+1F952 (decimal 129362)
   defining Unicode char U+1F953 (decimal 129363)
   defining Unicode char U+1F954 (decimal 129364)
   defining Unicode char U+1F955 (decimal 129365)
   defining Unicode char U+1F956 (decimal 129366)
   defining Unicode char U+1F957 (decimal 129367)
   defining Unicode char U+1F958 (decimal 129368)
   defining Unicode char U+1F959 (decimal 129369)
   defining Unicode char U+1F95A (decimal 129370)
   defining Unicode char U+1F95B (decimal 129371)
   defining Unicode char U+1F95C (decimal 129372)
   defining Unicode char U+1F95D (decimal 129373)
   defining Unicode char U+1F95E (decimal 129374)
   defining Unicode char U+1F95F (decimal 129375)
   defining Unicode char U+1F960 (decimal 129376)
   defining Unicode char U+1F961 (decimal 129377)
   defining Unicode char U+1F962 (decimal 129378)
   defining Unicode char U+1F963 (decimal 129379)
   defining Unicode char U+1F964 (decimal 129380)
   defining Unicode char U+1F965 (decimal 129381)
   defining Unicode char U+1F966 (decimal 129382)
   defining Unicode char U+1F967 (decimal 129383)
   defining Unicode char U+1F968 (decimal 129384)
   defining Unicode char U+1F969 (decimal 129385)
   defining Unicode char U+1F96A (decimal 129386)
   defining Unicode char U+1F96B (decimal 129387)
   defining Unicode char U+1F96C (decimal 129388)
   defining Unicode char U+1F96D (decimal 129389)
   defining Unicode char U+1F96E (decimal 129390)
   defining Unicode char U+1F96F (decimal 129391)
   defining Unicode char U+1F970 (decimal 129392)
   defining Unicode char U+1F971 (decimal 129393)
   defining Unicode char U+1F972 (decimal 129394)
   defining Unicode char U+1F973 (decimal 129395)
   defining Unicode char U+1F974 (decimal 129396)
   defining Unicode char U+1F975 (decimal 129397)
   defining Unicode char U+1F976 (decimal 129398)
   defining Unicode char U+1F977 (decimal 129399)
   defining Unicode char U+1F978 (decimal 129400)
   defining Unicode char U+1F979 (decimal 129401)
   defining Unicode char U+1F97A (decimal 129402)
   defining Unicode char U+1F97B (decimal 129403)
   defining Unicode char U+1F97C (decimal 129404)
   defining Unicode char U+1F97D (decimal 129405)
   defining Unicode char U+1F97E (decimal 129406)
   defining Unicode char U+1F97F (decimal 129407)
   defining Unicode char U+1F980 (decimal 129408)
   defining Unicode char U+1F981 (decimal 129409)
   defining Unicode char U+1F982 (decimal 129410)
   defining Unicode char U+1F983 (decimal 129411)
   defining Unicode char U+1F984 (decimal 129412)
   defining Unicode char U+1F985 (decimal 129413)
   defining Unicode char U+1F986 (decimal 129414)
   defining Unicode char U+1F987 (decimal 129415)
   defining Unicode char U+1F988 (decimal 129416)
   defining Unicode char U+1F989 (decimal 129417)
   defining Unicode char U+1F98A (decimal 129418)
   defining Unicode char U+1F98B (decimal 129419)
   defining Unicode char U+1F98C (decimal 129420)
   defining Unicode char U+1F98D (decimal 129421)
   defining Unicode char U+1F98E (decimal 129422)
   defining Unicode char U+1F98F (decimal 129423)
   defining Unicode char U+1F990 (decimal 129424)
   defining Unicode char U+1F991 (decimal 129425)
   defining Unicode char U+1F992 (decimal 129426)
   defining Unicode char U+1F993 (decimal 129427)
   defining Unicode char U+1F994 (decimal 129428)
   defining Unicode char U+1F995 (decimal 129429)
   defining Unicode char U+1F996 (decimal 129430)
   defining Unicode char U+1F997 (decimal 129431)
   defining Unicode char U+1F998 (decimal 129432)
   defining Unicode char U+1F999 (decimal 129433)
   defining Unicode char U+1F99A (decimal 129434)
   defining Unicode char U+1F99B (decimal 129435)
   defining Unicode char U+1F99C (decimal 129436)
   defining Unicode char U+1F99D (decimal 129437)
   defining Unicode char U+1F99E (decimal 129438)
   defining Unicode char U+1F99F (decimal 129439)
   defining Unicode char U+1F9A0 (decimal 129440)
   defining Unicode char U+1F9A1 (decimal 129441)
   defining Unicode char U+1F9A2 (decimal 129442)
   defining Unicode char U+1F9A3 (decimal 129443)
   defining Unicode char U+1F9A4 (decimal 129444)
   defining Unicode char U+1F9A5 (decimal 129445)
   defining Unicode char U+1F9A6 (decimal 129446)
   defining Unicode char U+1F9A7 (decimal 129447)
   defining Unicode char U+1F9A8 (decimal 129448)
   defining Unicode char U+1F9A9 (decimal 129449)
   defining Unicode char U+1F9AA (decimal 129450)
   defining Unicode char U+1F9AB (decimal 129451)
   defining Unicode char U+1F9AC (decimal 129452)
   defining Unicode char U+1F9AD (decimal 129453)
   defining Unicode char U+1F9AE (decimal 129454)
   defining Unicode char U+1F9AF (decimal 129455)
   defining Unicode char U+1F9B0 (decimal 129456)
   defining Unicode char U+1F9B1 (decimal 129457)
   defining Unicode char U+1F9B2 (decimal 129458)
   defining Unicode char U+1F9B3 (decimal 129459)
   defining Unicode char U+1F9B4 (decimal 129460)
   defining Unicode char U+1F9B5 (decimal 129461)
   defining Unicode char U+1F9B6 (decimal 129462)
   defining Unicode char U+1F9B7 (decimal 129463)
   defining Unicode char U+1F9B8 (decimal 129464)
   defining Unicode char U+1F9B9 (decimal 129465)
   defining Unicode char U+1F9BA (decimal 129466)
   defining Unicode char U+1F9BB (decimal 129467)
   defining Unicode char U+1F9BC (decimal 129468)
   defining Unicode char U+1F9BD (decimal 129469)
   defining Unicode char U+1F9BE (decimal 129470)
   defining Unicode char U+1F9BF (decimal 129471)
   defining Unicode char U+1F9C0 (decimal 129472)
   defining Unicode char U+1F9C1 (decimal 129473)
   defining Unicode char U+1F9C2 (decimal 129474)
   defining Unicode char U+1F9C3 (decimal 129475)
   defining Unicode char U+1F9C4 (decimal 129476)
   defining Unicode char U+1F9C5 (decimal 129477)
   defining Unicode char U+1F9C6 (decimal 129478)
   defining Unicode char U+1F9C7 (decimal 129479)
   defining Unicode char U+1F9C8 (decimal 129480)
   defining Unicode char U+1F9C9 (decimal 129481)
   defining Unicode char U+1F9CA (decimal 129482)
   defining Unicode char U+1F9CB (decimal 129483)
   defining Unicode char U+1F9CC (decimal 129484)
   defining Unicode char U+1F9CD (decimal 129485)
   defining Unicode char U+1F9CE (decimal 129486)
   defining Unicode char U+1F9CF (decimal 129487)
   defining Unicode char U+1F9D0 (decimal 129488)
   defining Unicode char U+1F9D1 (decimal 129489)
   defining Unicode char U+1F9D2 (decimal 129490)
   defining Unicode char U+1F9D3 (decimal 129491)
   defining Unicode char U+1F9D4 (decimal 129492)
   defining Unicode char U+1F9D5 (decimal 129493)
   defining Unicode char U+1F9D6 (decimal 129494)
   defining Unicode char U+1F9D7 (decimal 129495)
   defining Unicode char U+1F9D8 (decimal 129496)
   defining Unicode char U+1F9D9 (decimal 129497)
   defining Unicode char U+1F9DA (decimal 129498)
   defining Unicode char U+1F9DB (decimal 129499)
   defining Unicode char U+1F9DC (decimal 129500)
   defining Unicode char U+1F9DD (decimal 129501)
   defining Unicode char U+1F9DE (decimal 129502)
   defining Unicode char U+1F9DF (decimal 129503)
   defining Unicode char U+1F9E0 (decimal 129504)
   defining Unicode char U+1F9E1 (decimal 129505)
   defining Unicode char U+1F9E2 (decimal 129506)
   defining Unicode char U+1F9E3 (decimal 129507)
   defining Unicode char U+1F9E4 (decimal 129508)
   defining Unicode char U+1F9E5 (decimal 129509)
   defining Unicode char U+1F9E6 (decimal 129510)
   defining Unicode char U+1F9E7 (decimal 129511)
   defining Unicode char U+1F9E8 (decimal 129512)
   defining Unicode char U+1F9E9 (decimal 129513)
   defining Unicode char U+1F9EA (decimal 129514)
   defining Unicode char U+1F9EB (decimal 129515)
   defining Unicode char U+1F9EC (decimal 129516)
   defining Unicode char U+1F9ED (decimal 129517)
   defining Unicode char U+1F9EE (decimal 129518)
   defining Unicode char U+1F9EF (decimal 129519)
   defining Unicode char U+1F9F0 (decimal 129520)
   defining Unicode char U+1F9F1 (decimal 129521)
   defining Unicode char U+1F9F2 (decimal 129522)
   defining Unicode char U+1F9F3 (decimal 129523)
   defining Unicode char U+1F9F4 (decimal 129524)
   defining Unicode char U+1F9F5 (decimal 129525)
   defining Unicode char U+1F9F6 (decimal 129526)
   defining Unicode char U+1F9F7 (decimal 129527)
   defining Unicode char U+1F9F8 (decimal 129528)
   defining Unicode char U+1F9F9 (decimal 129529)
   defining Unicode char U+1F9FA (decimal 129530)
   defining Unicode char U+1F9FB (decimal 129531)
   defining Unicode char U+1F9FC (decimal 129532)
   defining Unicode char U+1F9FD (decimal 129533)
   defining Unicode char U+1F9FE (decimal 129534)
   defining Unicode char U+1F9FF (decimal 129535)
   defining Unicode char U+1FA70 (decimal 129648)
   defining Unicode char U+1FA71 (decimal 129649)
   defining Unicode char U+1FA72 (decimal 129650)
   defining Unicode char U+1FA73 (decimal 129651)
   defining Unicode char U+1FA74 (decimal 129652)
   defining Unicode char U+1FA78 (decimal 129656)
   defining Unicode char U+1FA79 (decimal 129657)
   defining Unicode char U+1FA7A (decimal 129658)
   defining Unicode char U+1FA7B (decimal 129659)
   defining Unicode char U+1FA7C (decimal 129660)
   defining Unicode char U+1FA80 (decimal 129664)
   defining Unicode char U+1FA81 (decimal 129665)
   defining Unicode char U+1FA82 (decimal 129666)
   defining Unicode char U+1FA83 (decimal 129667)
   defining Unicode char U+1FA84 (decimal 129668)
   defining Unicode char U+1FA85 (decimal 129669)
   defining Unicode char U+1FA86 (decimal 129670)
   defining Unicode char U+1FA90 (decimal 129680)
   defining Unicode char U+1FA91 (decimal 129681)
   defining Unicode char U+1FA92 (decimal 129682)
   defining Unicode char U+1FA93 (decimal 129683)
   defining Unicode char U+1FA94 (decimal 129684)
   defining Unicode char U+1FA95 (decimal 129685)
   defining Unicode char U+1FA96 (decimal 129686)
   defining Unicode char U+1FA97 (decimal 129687)
   defining Unicode char U+1FA98 (decimal 129688)
   defining Unicode char U+1FA99 (decimal 129689)
   defining Unicode char U+1FA9A (decimal 129690)
   defining Unicode char U+1FA9B (decimal 129691)
   defining Unicode char U+1FA9C (decimal 129692)
   defining Unicode char U+1FA9D (decimal 129693)
   defining Unicode char U+1FA9E (decimal 129694)
   defining Unicode char U+1FA9F (decimal 129695)
   defining Unicode char U+1FAA0 (decimal 129696)
   defining Unicode char U+1FAA1 (decimal 129697)
   defining Unicode char U+1FAA2 (decimal 129698)
   defining Unicode char U+1FAA3 (decimal 129699)
   defining Unicode char U+1FAA4 (decimal 129700)
   defining Unicode char U+1FAA5 (decimal 129701)
   defining Unicode char U+1FAA6 (decimal 129702)
   defining Unicode char U+1FAA7 (decimal 129703)
   defining Unicode char U+1FAA8 (decimal 129704)
   defining Unicode char U+1FAA9 (decimal 129705)
   defining Unicode char U+1FAAA (decimal 129706)
   defining Unicode char U+1FAAB (decimal 129707)
   defining Unicode char U+1FAAC (decimal 129708)
   defining Unicode char U+1FAB0 (decimal 129712)
   defining Unicode char U+1FAB1 (decimal 129713)
   defining Unicode char U+1FAB2 (decimal 129714)
   defining Unicode char U+1FAB3 (decimal 129715)
   defining Unicode char U+1FAB4 (decimal 129716)
   defining Unicode char U+1FAB5 (decimal 129717)
   defining Unicode char U+1FAB6 (decimal 129718)
   defining Unicode char U+1FAB7 (decimal 129719)
   defining Unicode char U+1FAB8 (decimal 129720)
   defining Unicode char U+1FAB9 (decimal 129721)
   defining Unicode char U+1FABA (decimal 129722)
   defining Unicode char U+1FAC0 (decimal 129728)
   defining Unicode char U+1FAC1 (decimal 129729)
   defining Unicode char U+1FAC2 (decimal 129730)
   defining Unicode char U+1FAC3 (decimal 129731)
   defining Unicode char U+1FAC4 (decimal 129732)
   defining Unicode char U+1FAC5 (decimal 129733)
   defining Unicode char U+1FAD0 (decimal 129744)
   defining Unicode char U+1FAD1 (decimal 129745)
   defining Unicode char U+1FAD2 (decimal 129746)
   defining Unicode char U+1FAD3 (decimal 129747)
   defining Unicode char U+1FAD4 (decimal 129748)
   defining Unicode char U+1FAD5 (decimal 129749)
   defining Unicode char U+1FAD6 (decimal 129750)
   defining Unicode char U+1FAD7 (decimal 129751)
   defining Unicode char U+1FAD8 (decimal 129752)
   defining Unicode char U+1FAD9 (decimal 129753)
   defining Unicode char U+1FAE0 (decimal 129760)
   defining Unicode char U+1FAE1 (decimal 129761)
   defining Unicode char U+1FAE2 (decimal 129762)
   defining Unicode char U+1FAE3 (decimal 129763)
   defining Unicode char U+1FAE4 (decimal 129764)
   defining Unicode char U+1FAE5 (decimal 129765)
   defining Unicode char U+1FAE6 (decimal 129766)
   defining Unicode char U+1FAE7 (decimal 129767)
   defining Unicode char U+1FAF0 (decimal 129776)
   defining Unicode char U+1FAF1 (decimal 129777)
   defining Unicode char U+1FAF2 (decimal 129778)
   defining Unicode char U+1FAF3 (decimal 129779)
   defining Unicode char U+1FAF4 (decimal 129780)
   defining Unicode char U+1FAF5 (decimal 129781)
   defining Unicode char U+1FAF6 (decimal 129782)
   defining Unicode char U+203C (decimal 8252)
   defining Unicode char U+2049 (decimal 8265)
   defining Unicode char U+2122 (decimal 8482)
   defining Unicode char U+2139 (decimal 8505)
   defining Unicode char U+2194 (decimal 8596)
   defining Unicode char U+2195 (decimal 8597)
   defining Unicode char U+2196 (decimal 8598)
   defining Unicode char U+2197 (decimal 8599)
   defining Unicode char U+2198 (decimal 8600)
   defining Unicode char U+2199 (decimal 8601)
   defining Unicode char U+21A9 (decimal 8617)
   defining Unicode char U+21AA (decimal 8618)
   defining Unicode char U+231A (decimal 8986)
   defining Unicode char U+231B (decimal 8987)
   defining Unicode char U+2328 (decimal 9000)
   defining Unicode char U+23CF (decimal 9167)
   defining Unicode char U+23E9 (decimal 9193)
   defining Unicode char U+23EA (decimal 9194)
   defining Unicode char U+23EB (decimal 9195)
   defining Unicode char U+23EC (decimal 9196)
   defining Unicode char U+23ED (decimal 9197)
   defining Unicode char U+23EE (decimal 9198)
   defining Unicode char U+23EF (decimal 9199)
   defining Unicode char U+23F0 (decimal 9200)
   defining Unicode char U+23F1 (decimal 9201)
   defining Unicode char U+23F2 (decimal 9202)
   defining Unicode char U+23F3 (decimal 9203)
   defining Unicode char U+23F8 (decimal 9208)
   defining Unicode char U+23F9 (decimal 9209)
   defining Unicode char U+23FA (decimal 9210)
   defining Unicode char U+24C2 (decimal 9410)
   defining Unicode char U+25AA (decimal 9642)
   defining Unicode char U+25AB (decimal 9643)
   defining Unicode char U+25B6 (decimal 9654)
   defining Unicode char U+25C0 (decimal 9664)
   defining Unicode char U+25FB (decimal 9723)
   defining Unicode char U+25FC (decimal 9724)
   defining Unicode char U+25FD (decimal 9725)
   defining Unicode char U+25FE (decimal 9726)
   defining Unicode char U+2600 (decimal 9728)
   defining Unicode char U+2601 (decimal 9729)
   defining Unicode char U+2602 (decimal 9730)
   defining Unicode char U+2603 (decimal 9731)
   defining Unicode char U+2604 (decimal 9732)
   defining Unicode char U+260E (decimal 9742)
   defining Unicode char U+2611 (decimal 9745)
   defining Unicode char U+2614 (decimal 9748)
   defining Unicode char U+2615 (decimal 9749)
   defining Unicode char U+2618 (decimal 9752)
   defining Unicode char U+261D (decimal 9757)
   defining Unicode char U+2620 (decimal 9760)
   defining Unicode char U+2622 (decimal 9762)
   defining Unicode char U+2623 (decimal 9763)
   defining Unicode char U+2626 (decimal 9766)
   defining Unicode char U+262A (decimal 9770)
   defining Unicode char U+262E (decimal 9774)
   defining Unicode char U+262F (decimal 9775)
   defining Unicode char U+2638 (decimal 9784)
   defining Unicode char U+2639 (decimal 9785)
   defining Unicode char U+263A (decimal 9786)
   defining Unicode char U+2640 (decimal 9792)
   defining Unicode char U+2642 (decimal 9794)
   defining Unicode char U+2648 (decimal 9800)
   defining Unicode char U+2649 (decimal 9801)
   defining Unicode char U+264A (decimal 9802)
   defining Unicode char U+264B (decimal 9803)
   defining Unicode char U+264C (decimal 9804)
   defining Unicode char U+264D (decimal 9805)
   defining Unicode char U+264E (decimal 9806)
   defining Unicode char U+264F (decimal 9807)
   defining Unicode char U+2650 (decimal 9808)
   defining Unicode char U+2651 (decimal 9809)
   defining Unicode char U+2652 (decimal 9810)
   defining Unicode char U+2653 (decimal 9811)
   defining Unicode char U+265F (decimal 9823)
   defining Unicode char U+2660 (decimal 9824)
   defining Unicode char U+2663 (decimal 9827)
   defining Unicode char U+2665 (decimal 9829)
   defining Unicode char U+2666 (decimal 9830)
   defining Unicode char U+2668 (decimal 9832)
   defining Unicode char U+267B (decimal 9851)
   defining Unicode char U+267E (decimal 9854)
   defining Unicode char U+267F (decimal 9855)
   defining Unicode char U+2692 (decimal 9874)
   defining Unicode char U+2693 (decimal 9875)
   defining Unicode char U+2694 (decimal 9876)
   defining Unicode char U+2695 (decimal 9877)
   defining Unicode char U+2696 (decimal 9878)
   defining Unicode char U+2697 (decimal 9879)
   defining Unicode char U+2699 (decimal 9881)
   defining Unicode char U+269B (decimal 9883)
   defining Unicode char U+269C (decimal 9884)
   defining Unicode char U+26A0 (decimal 9888)
   defining Unicode char U+26A1 (decimal 9889)
   defining Unicode char U+26A7 (decimal 9895)
   defining Unicode char U+26AA (decimal 9898)
   defining Unicode char U+26AB (decimal 9899)
   defining Unicode char U+26B0 (decimal 9904)
   defining Unicode char U+26B1 (decimal 9905)
   defining Unicode char U+26BD (decimal 9917)
   defining Unicode char U+26BE (decimal 9918)
   defining Unicode char U+26C4 (decimal 9924)
   defining Unicode char U+26C5 (decimal 9925)
   defining Unicode char U+26C8 (decimal 9928)
   defining Unicode char U+26CE (decimal 9934)
   defining Unicode char U+26CF (decimal 9935)
   defining Unicode char U+26D1 (decimal 9937)
   defining Unicode char U+26D3 (decimal 9939)
   defining Unicode char U+26D4 (decimal 9940)
   defining Unicode char U+26E9 (decimal 9961)
   defining Unicode char U+26EA (decimal 9962)
   defining Unicode char U+26F0 (decimal 9968)
   defining Unicode char U+26F1 (decimal 9969)
   defining Unicode char U+26F2 (decimal 9970)
   defining Unicode char U+26F3 (decimal 9971)
   defining Unicode char U+26F4 (decimal 9972)
   defining Unicode char U+26F5 (decimal 9973)
   defining Unicode char U+26F7 (decimal 9975)
   defining Unicode char U+26F8 (decimal 9976)
   defining Unicode char U+26F9 (decimal 9977)
   defining Unicode char U+26FA (decimal 9978)
   defining Unicode char U+26FD (decimal 9981)
   defining Unicode char U+2702 (decimal 9986)
   defining Unicode char U+2705 (decimal 9989)
   defining Unicode char U+2708 (decimal 9992)
   defining Unicode char U+2709 (decimal 9993)
   defining Unicode char U+270A (decimal 9994)
   defining Unicode char U+270B (decimal 9995)
   defining Unicode char U+270C (decimal 9996)
   defining Unicode char U+270D (decimal 9997)
   defining Unicode char U+270F (decimal 9999)
   defining Unicode char U+2712 (decimal 10002)
   defining Unicode char U+2714 (decimal 10004)
   defining Unicode char U+2716 (decimal 10006)
   defining Unicode char U+271D (decimal 10013)
   defining Unicode char U+2721 (decimal 10017)
   defining Unicode char U+2728 (decimal 10024)
   defining Unicode char U+2733 (decimal 10035)
   defining Unicode char U+2734 (decimal 10036)
   defining Unicode char U+2744 (decimal 10052)
   defining Unicode char U+2747 (decimal 10055)
   defining Unicode char U+274C (decimal 10060)
   defining Unicode char U+274E (decimal 10062)
   defining Unicode char U+2753 (decimal 10067)
   defining Unicode char U+2754 (decimal 10068)
   defining Unicode char U+2755 (decimal 10069)
   defining Unicode char U+2757 (decimal 10071)
   defining Unicode char U+2763 (decimal 10083)
   defining Unicode char U+2764 (decimal 10084)
   defining Unicode char U+2795 (decimal 10133)
   defining Unicode char U+2796 (decimal 10134)
   defining Unicode char U+2797 (decimal 10135)
   defining Unicode char U+27A1 (decimal 10145)
   defining Unicode char U+27B0 (decimal 10160)
   defining Unicode char U+27BF (decimal 10175)
   defining Unicode char U+2934 (decimal 10548)
   defining Unicode char U+2935 (decimal 10549)
   defining Unicode char U+2B05 (decimal 11013)
   defining Unicode char U+2B06 (decimal 11014)
   defining Unicode char U+2B07 (decimal 11015)
   defining Unicode char U+2B1B (decimal 11035)
   defining Unicode char U+2B1C (decimal 11036)
   defining Unicode char U+2B50 (decimal 11088)
   defining Unicode char U+2B55 (decimal 11093)
   defining Unicode char U+3030 (decimal 12336)
   defining Unicode char U+303D (decimal 12349)
   defining Unicode char U+3297 (decimal 12951)
   defining Unicode char U+3299 (decimal 12953)
   defining Unicode char U+A9 (decimal 169)
   defining Unicode char U+AE (decimal 174)
   defining Unicode char U+E50A (decimal 58634)
)
   defining Unicode char U+FE0E (decimal 65038)
   defining Unicode char U+FE0F (decimal 65039)
\c@Theorem=\count330
\c@Proposition=\count331

(C:\Users\Reef\AppData\Local\Programs\MiKTeX\tex/generic/pgf/frontendlayer/tikz
/libraries\tikzlibraryarrows.code.tex
File: tikzlibraryarrows.code.tex 2025-08-29 v3.1.11a (3.1.11a)

(C:\Users\Reef\AppData\Local\Programs\MiKTeX\tex/generic/pgf/libraries\pgflibra
ryarrows.code.tex
File: pgflibraryarrows.code.tex 2025-08-29 v3.1.11a (3.1.11a)
\arrowsize=\dimen295
))
(C:\Users\Reef\AppData\Local\Programs\MiKTeX\tex/latex/esvect\esvect.sty
Package: esvect 
\symesvector=\mathgroup7
)
(C:\Users\Reef\AppData\Local\Programs\MiKTeX\tex/latex/siunitx\siunitx.sty
Package: siunitx 2026-05-15 v3.5.5 A comprehensive (SI) units package
\l__siunitx_number_uncert_offset_int=\count332
\l__siunitx_number_exponent_fixed_int=\count333
\l__siunitx_number_min_decimal_int=\count334
\l__siunitx_number_min_integer_int=\count335
\l__siunitx_number_round_precision_int=\count336
\l__siunitx_number_lower_threshold_int=\count337
\l__siunitx_number_upper_threshold_int=\count338
\l__siunitx_number_group_first_int=\count339
\l__siunitx_number_group_size_int=\count340
\l__siunitx_number_group_min_int=\count341
\l__siunitx_number_group_minimum_int=\count342
\l__siunitx_compound_count_int=\count343

(C:\Users\Reef\AppData\Local\Programs\MiKTeX\tex/latex/translations\translation
s.sty
Package: translations 2022/02/05 v1.12 internationalization of LaTeX2e packages
 (CN)

(C:\Users\Reef\AppData\Local\Programs\MiKTeX\tex/generic/pdftexcmds\pdftexcmds.
sty
Package: pdftexcmds 2020-06-27 v0.33 Utility functions of pdfTeX for LuaTeX (HO
)

(C:\Users\Reef\AppData\Local\Programs\MiKTeX\tex/generic/infwarerr\infwarerr.st
y
Package: infwarerr 2019/12/03 v1.5 Providing info/warning/error messages (HO)
) (C:\Users\Reef\AppData\Local\Programs\MiKTeX\tex/generic/iftex\iftex.sty
Package: iftex 2024/12/12 v1.0g TeX engine tests
)
(C:\Users\Reef\AppData\Local\Programs\MiKTeX\tex/generic/ltxcmds\ltxcmds.sty
Package: ltxcmds 2023-12-04 v1.26 LaTeX kernel commands for general use (HO)
)
Package pdftexcmds Info: \pdf@primitive is available.
Package pdftexcmds Info: \pdf@ifprimitive is available.
Package pdftexcmds Info: \pdfdraftmode found.
))
\l__siunitx_table_tmp_box=\box68
\l__siunitx_table_tmp_dim=\dimen296
\l__siunitx_table_column_width_dim=\dimen297
\l__siunitx_table_integer_box=\box69
\l__siunitx_table_decimal_box=\box70
\l__siunitx_table_uncert_box=\box71
\l__siunitx_table_before_box=\box72
\l__siunitx_table_after_box=\box73
\l__siunitx_table_before_dim=\dimen298
\l__siunitx_table_carry_dim=\dimen299
\l__siunitx_unit_tmp_int=\count344
\l__siunitx_unit_position_int=\count345
\l__siunitx_unit_total_int=\count346
\l__siunitx_sexagesimal_tmp_dim=\dimen300
\l__siunitx_sexagesimal_marker_box=\box74
\l__siunitx_sexagesimal_unit_box=\box75
(C:\Users\Reef\AppData\Local\Programs\MiKTeX\tex/latex/tools\array.sty
Package: array 2026/02/24 v2.7b Tabular extension package (FMi)
\col@sep=\dimen301
\ar@mcellbox=\box76
\extrarowheight=\dimen302
\NC@list=\toks43
\extratabsurround=\skip68
\backup@length=\skip69
\ar@cellbox=\box77
))
(C:\Users\Reef\AppData\Local\Programs\MiKTeX\tex/latex/doublestroke\dsfont.sty
Package: dsfont 1995/08/01 v0.1 Double stroke roman fonts
) (C:\Users\Reef\AppData\Local\Programs\MiKTeX\tex/latex/bbm\bbm.sty
Package: bbm 1999/03/15 V 1.2 provides fonts for set symbols - TH
LaTeX Font Info:    Overwriting math alphabet `\mathbbm' in version `bold'
(Font)                  U/bbm/m/n --> U/bbm/bx/n on input line 33.
LaTeX Font Info:    Overwriting math alphabet `\mathbbmss' in version `bold'
(Font)                  U/bbmss/m/n --> U/bbmss/bx/n on input line 35.
)
(C:\Users\Reef\AppData\Local\Programs\MiKTeX\tex/latex/stmaryrd\stmaryrd.sty
Package: stmaryrd 1994/03/03 St Mary's Road symbol package
\symstmry=\mathgroup8
LaTeX Font Info:    Overwriting symbol font `stmry' in version `bold'
(Font)                  U/stmry/m/n --> U/stmry/b/n on input line 89.
)
(C:\Users\Reef\AppData\Local\Programs\MiKTeX\tex/latex/listings\listings.sty
\lst@mode=\count347
\lst@gtempboxa=\box78
\lst@token=\toks44
\lst@length=\count348
\lst@currlwidth=\dimen303
\lst@column=\count349
\lst@pos=\count350
\lst@lostspace=\dimen304
\lst@width=\dimen305
\lst@newlines=\count351
\lst@lineno=\count352
\lst@maxwidth=\dimen306

(C:\Users\Reef\AppData\Local\Programs\MiKTeX\tex/latex/listings\lstpatch.sty
File: lstpatch.sty 2025/11/14 1.11b (Carsten Heinz)
)
(C:\Users\Reef\AppData\Local\Programs\MiKTeX\tex/latex/listings\lstmisc.sty
File: lstmisc.sty 2025/11/14 1.11b (Carsten Heinz)
\c@lstnumber=\count353
\lst@skipnumbers=\count354
\lst@framebox=\box79
)
(C:\Users\Reef\AppData\Local\Programs\MiKTeX\tex/latex/listings\listings.cfg
File: listings.cfg 2025/11/14 1.11b listings configuration
))
Package: listings 2025/11/14 1.11b (Carsten Heinz)

(C:\Users\Reef\AppData\Local\Programs\MiKTeX\tex/latex/circuitikz\circuitikz.st
y
Package: circuitikz 2026/05/24{} The CircuiTikz circuit drawing package version
 1.8.6

(C:\Users\Reef\AppData\Local\Programs\MiKTeX\tex/generic/pgf/frontendlayer/tikz
/libraries\tikzlibrarybending.code.tex
File: tikzlibrarybending.code.tex 2025-08-29 v3.1.11a (3.1.11a)

(C:\Users\Reef\AppData\Local\Programs\MiKTeX\tex/generic/pgf/modules\pgfmoduleb
ending.code.tex
File: pgfmodulebending.code.tex 2025-08-29 v3.1.11a (3.1.11a)

(C:\Users\Reef\AppData\Local\Programs\MiKTeX\tex/generic/pgf/modules\pgfmodulen
onlineartransformations.code.tex
File: pgfmodulenonlineartransformations.code.tex 2025-08-29 v3.1.11a (3.1.11a)
\pgftransformnonlinearflatness=\dimen307
)
(C:\Users\Reef\AppData\Local\Programs\MiKTeX\tex/generic/pgf/libraries\pgflibra
rycurvilinear.code.tex
File: pgflibrarycurvilinear.code.tex 2025-08-29 v3.1.11a (3.1.11a)
\pgf@curvilinear@time@a=\dimen308
\pgf@curvilinear@length@a=\dimen309
\pgf@curvilinear@length@b=\dimen310
\pgf@curvilinear@length@c=\dimen311
\pgf@curvilinear@length@d=\dimen312
)
\pgf@arrows@the@rigidity=\dimen313
))
(C:\Users\Reef\AppData\Local\Programs\MiKTeX\tex/generic/pgf/frontendlayer/tikz
/libraries\tikzlibraryfpu.code.tex
(C:\Users\Reef\AppData\Local\Programs\MiKTeX\tex/generic/pgf/libraries\pgflibra
ryfpu.code.tex))
(C:\Users\Reef\AppData\Local\Programs\MiKTeX\tex/generic/circuitikz\pgfcirc.def
ines.tex
\pgf@circ@count@a=\count355
\pgf@circ@count@b=\count356
\pgf@circ@count@c=\count357
\pgf@circ@res@up=\dimen314
\pgf@circ@res@down=\dimen315
\pgf@circ@res@zero=\dimen316
\pgf@circ@res@left=\dimen317
\pgf@circ@res@right=\dimen318
\pgf@circ@res@other=\dimen319
\pgf@circ@res@step=\dimen320
\pgf@circ@res@temp=\dimen321
\pgf@circ@Rlen=\dimen322
\pgf@circ@scaled@Rlen=\dimen323
\pgfstartlinewidth=\dimen324
)
(C:\Users\Reef\AppData\Local\Programs\MiKTeX\tex/generic/circuitikz\pgfcircutil
s.tex
\ctikz@scratchbox=\box80
)
(C:\Users\Reef\AppData\Local\Programs\MiKTeX\tex/generic/circuitikz\pgfcircpath
.tex
\ctikz@vif@count=\count358
)
(C:\Users\Reef\AppData\Local\Programs\MiKTeX\tex/generic/circuitikz\pgfcircshap
es.tex)
(C:\Users\Reef\AppData\Local\Programs\MiKTeX\tex/generic/circuitikz\pgfcircmono
poles.tex)
(C:\Users\Reef\AppData\Local\Programs\MiKTeX\tex/generic/circuitikz\pgfcircbipo
les.tex)
(C:\Users\Reef\AppData\Local\Programs\MiKTeX\tex/generic/circuitikz\pgfcirctrip
oles.tex
\pgf@circ@res@count=\count359
)
(C:\Users\Reef\AppData\Local\Programs\MiKTeX\tex/generic/circuitikz\pgfcircquad
poles.tex)
(C:\Users\Reef\AppData\Local\Programs\MiKTeX\tex/generic/circuitikz\pgfcircmult
ipoles.tex)
(C:\Users\Reef\AppData\Local\Programs\MiKTeX\tex/generic/circuitikz\pgfcirclabe
l.tex)
(C:\Users\Reef\AppData\Local\Programs\MiKTeX\tex/generic/circuitikz\pgfcircvolt
age.tex
\pgfcirc@labelshift=\dimen325
)
(C:\Users\Reef\AppData\Local\Programs\MiKTeX\tex/generic/circuitikz\pgfcirccurr
ent.tex)
(C:\Users\Reef\AppData\Local\Programs\MiKTeX\tex/generic/circuitikz\pgfcircflow
.tex)))
Package translations Info: No language package found. I am going to use `englis
h' as default language. on input line 4.
LaTeX Font Info:    Trying to load font information for T1+lmr on input line 4.

 (C:\Users\Reef\AppData\Local\Programs\MiKTeX\tex/latex/lm\t1lmr.fd
File: t1lmr.fd 2015/05/01 v1.6.1 Font defs for Latin Modern
)
(numerics.aux)
\openout1 = `numerics.aux'.

LaTeX Font Info:    Checking defaults for OML/cmm/m/it on input line 4.
LaTeX Font Info:    ... okay on input line 4.
LaTeX Font Info:    Checking defaults for OMS/cmsy/m/n on input line 4.
LaTeX Font Info:    ... okay on input line 4.
LaTeX Font Info:    Checking defaults for OT1/cmr/m/n on input line 4.
LaTeX Font Info:    ... okay on input line 4.
LaTeX Font Info:    Checking defaults for T1/cmr/m/n on input line 4.
LaTeX Font Info:    ... okay on input line 4.
LaTeX Font Info:    Checking defaults for TS1/cmr/m/n on input line 4.
LaTeX Font Info:    ... okay on input line 4.
LaTeX Font Info:    Checking defaults for OMX/cmex/m/n on input line 4.
LaTeX Font Info:    ... okay on input line 4.
LaTeX Font Info:    Checking defaults for U/cmr/m/n on input line 4.
LaTeX Font Info:    ... okay on input line 4.

(C:\Users\Reef\AppData\Local\Programs\MiKTeX\tex/context/base/mkii\supp-pdf.mki
i
[Loading MPS to PDF converter (version 2006.09.02).]
\scratchcounter=\count360
\scratchdimen=\dimen326
\scratchbox=\box81
\nofMPsegments=\count361
\nofMParguments=\count362
\everyMPshowfont=\toks45
\MPscratchCnt=\count363
\MPscratchDim=\dimen327
\MPnumerator=\count364
\makeMPintoPDFobject=\count365
\everyMPtoPDFconversion=\toks46
)
(C:\Users\Reef\AppData\Local\Programs\MiKTeX\tex/latex/epstopdf-pkg\epstopdf-ba
se.sty
Package: epstopdf-base 2020-01-24 v2.11 Base part for package epstopdf
Package epstopdf-base Info: Redefining graphics rule for `.eps' on input line 4
85.

(C:\Users\Reef\AppData\Local\Programs\MiKTeX\tex/latex/00miktex\epstopdf-sys.cf
g
File: epstopdf-sys.cfg 2021/03/18 v2.0 Configuration of epstopdf for MiKTeX
))

Package siunitx Warning: Detected the "physics" package:
(siunitx)                omitting definition of \qty.
(siunitx)                
(siunitx)                If you want to use \qty with the siunitx definition,
(siunitx)                add 
(siunitx)                
(siunitx)                    \AtBeginDocument{\RenewCommandCopy\qty\SI}
(siunitx)                
(siunitx)                to your preamble.


(C:\Users\Reef\AppData\Local\Programs\MiKTeX\tex/latex/translations/dicts\trans
lations-basic-dictionary-english.trsl
File: translations-basic-dictionary-english.trsl (english translation file `tra
nslations-basic-dictionary')
)
Package translations Info: loading dictionary `translations-basic-dictionary' f
or `english'. on input line 4.
\c@lstlisting=\count366

(C:\Users\Reef\AppData\Local\Programs\MiKTeX\tex/latex/listings\lstlang1.sty
File: lstlang1.sty 2025/11/14 1.11b listings language file
)
(C:\Users\Reef\AppData\Local\Programs\MiKTeX\tex/latex/listings\lstlang2.sty
File: lstlang2.sty 2025/11/14 1.11b listings language file
)
(C:\Users\Reef\AppData\Local\Programs\MiKTeX\tex/latex/listings\lstlang3.sty
File: lstlang3.sty 2025/11/14 1.11b listings language file
)
LaTeX Font Info:    Trying to load font information for T1+lmtt on input line 6
.

(C:\Users\Reef\AppData\Local\Programs\MiKTeX\tex/latex/lm\t1lmtt.fd
File: t1lmtt.fd 2015/05/01 v1.6.1 Font defs for Latin Modern
)
LaTeX Font Info:    Font shape `T1/lmtt/bx/n' in size <9> not available
(Font)              Font shape `T1/lmtt/b/n' tried instead on input line 7.
 [1

{C:/Users/Reef/AppData/Local/MiKTeX/fonts/map/pdftex/pdftex.map}{C:/Users/Reef/
AppData/Local/Programs/MiKTeX/fonts/enc/dvips/lm/lm-ec.enc}]
LaTeX Font Info:    Trying to load font information for OT1+lmr on input line 5
9.

(C:\Users\Reef\AppData\Local\Programs\MiKTeX\tex/latex/lm\ot1lmr.fd
File: ot1lmr.fd 2015/05/01 v1.6.1 Font defs for Latin Modern
)
LaTeX Font Info:    Trying to load font information for OML+lmm on input line 5
9.

(C:\Users\Reef\AppData\Local\Programs\MiKTeX\tex/latex/lm\omllmm.fd
File: omllmm.fd 2015/05/01 v1.6.1 Font defs for Latin Modern
)
LaTeX Font Info:    Trying to load font information for OMS+lmsy on input line 
59.

(C:\Users\Reef\AppData\Local\Programs\MiKTeX\tex/latex/lm\omslmsy.fd
File: omslmsy.fd 2015/05/01 v1.6.1 Font defs for Latin Modern
)
LaTeX Font Info:    Trying to load font information for OMX+lmex on input line 
59.

(C:\Users\Reef\AppData\Local\Programs\MiKTeX\tex/latex/lm\omxlmex.fd
File: omxlmex.fd 2015/05/01 v1.6.1 Font defs for Latin Modern
)
LaTeX Font Info:    External font `lmex10' loaded for size
(Font)              <10> on input line 59.
LaTeX Font Info:    External font `lmex10' loaded for size
(Font)              <7> on input line 59.
LaTeX Font Info:    External font `lmex10' loaded for size
(Font)              <5> on input line 59.
LaTeX Font Info:    Trying to load font information for U+msa on input line 59.


(C:\Users\Reef\AppData\Local\Programs\MiKTeX\tex/latex/amsfonts\umsa.fd
File: umsa.fd 2013/01/14 v3.01 AMS symbols A
)
LaTeX Font Info:    Font shape `U/msb/m/n' will be
(Font)              scaled to size 10.0pt on input line 59.
LaTeX Font Info:    Font shape `U/msb/m/n' will be
(Font)              scaled to size 7.0pt on input line 59.
LaTeX Font Info:    Font shape `U/msb/m/n' will be
(Font)              scaled to size 5.0pt on input line 59.
LaTeX Font Info:    Trying to load font information for U+wasy on input line 59
.

(C:\Users\Reef\AppData\Local\Programs\MiKTeX\tex/latex/wasysym\uwasy.fd
File: uwasy.fd 2020/01/19 v2.4 Wasy-2 symbol font definitions
)
LaTeX Font Info:    Trying to load font information for U+esvect on input line 
59.

(C:\Users\Reef\AppData\Local\Programs\MiKTeX\tex/latex/esvect\uesvect.fd
File: uesvect.fd 
)
LaTeX Font Info:    Trying to load font information for U+stmry on input line 5
9.

(C:\Users\Reef\AppData\Local\Programs\MiKTeX\tex/latex/stmaryrd\ustmry.fd)
[2{C:/Users/Reef/AppData/Local/Programs/MiKTeX/fonts/enc/dvips/lm/lm-mathit.enc
}{C:/Users/Reef/AppData/Local/Programs/MiKTeX/fonts/enc/dvips/lm/lm-rm.enc}{C:/
Users/Reef/AppData/Local/Programs/MiKTeX/fonts/enc/dvips/lm/lm-mathsy.enc}]
(numerics.aux)
 ***********
LaTeX2e <2026-06-01>
L3 programming layer <2026-06-18>
 ***********
 ) 
Here is how much of TeX's memory you used:
 52730 strings out of 467510
 1327951 string characters out of 5409280
 2227198 words of memory out of 5000000
 81461 multiletter control sequences out of 15000+600000
 658185 words of font info for 74 fonts, out of 8000000 for 9000
 1141 hyphenation exceptions out of 8191
 136i,6n,138p,1235b,1748s stack positions out of 10000i,1000n,20000p,200000b,200000s
<C:/Users/Reef/AppData/Local/Programs/MiKTeX/fonts/type1/public/lm/lmbx12.pfb
><C:/Users/Reef/AppData/Local/Programs/MiKTeX/fonts/type1/public/lm/lmmi10.pfb>
<C:/Users/Reef/AppData/Local/Programs/MiKTeX/fonts/type1/public/lm/lmmi7.pfb><C
:/Users/Reef/AppData/Local/Programs/MiKTeX/fonts/type1/public/lm/lmr10.pfb><C:/
Users/Reef/AppData/Local/Programs/MiKTeX/fonts/type1/public/lm/lmr5.pfb><C:/Use
rs/Reef/AppData/Local/Programs/MiKTeX/fonts/type1/public/lm/lmsy10.pfb><C:/User
s/Reef/AppData/Local/Programs/MiKTeX/fonts/type1/public/lm/lmtk10.pfb><C:/Users
/Reef/AppData/Local/Programs/MiKTeX/fonts/type1/public/lm/lmtt9.pfb>
Output written on numerics.pdf (2 pages, 140515 bytes).
PDF statistics:
 59 PDF objects out of 1000 (max. 8388607)
 0 named destinations out of 1000 (max. 500000)
 13 words of extra memory for PDF output out of 10000 (max. 10000000)

